{
  "pythia-70m": {
    "d_head": 64,
    "theta": 10000,
    "T_train": 2048,
    "z": 0.2896309375740099,
    "k_dead": 23,
    "gamma_obs": 0.748,
    "gamma_pade": 0.752,
    "gamma_lerch_dead": 0.4381262073778783,
    "r2_lerch_dead": 0.8412032778810773,
    "gamma_lerch_full": 0.4823672477284934,
    "r2_lerch_full": 0.6235956597226463,
    "a_dead": [
      0.3766197137027542,
      0.3087485064208156,
      0.20871394207869964,
      0.2779640970654833,
      0.07861013207916605,
      -0.0652714083843367,
      0.055083187967645754,
      -0.08800852998427698
    ],
    "a_full": [
      0.6578634007689929,
      0.589973255408347,
      0.4898061548597748,
      0.5585833995333093,
      0.3573445501084111,
      0.20056785314106362,
      0.2789364609349515,
      0.020115337196340802
    ]
  },
  "pythia-1b": {
    "d_head": 256,
    "theta": 10000,
    "T_train": 2048,
    "z": 0.2896309375740099,
    "k_dead": 91,
    "gamma_obs": 0.931,
    "gamma_pade": 0.752,
    "gamma_lerch_dead": 0.7092055512350871,
    "r2_lerch_dead": 0.792455852602181,
    "gamma_lerch_full": 0.40966876171772443,
    "r2_lerch_full": 0.7971495893077316,
    "a_dead": [
      0.38640983839148113,
      0.324660301068217,
      0.2238293082257104,
      0.16771571478464226,
      0.034844373585812646,
      -0.0055807381358166635,
      -0.042211915936972565,
      -0.07506427311704396
    ],
    "a_full": [
      0.6754663829277784,
      0.6136989798719965,
      0.5127429545592851,
      0.4561832114968159,
      0.32153343043941357,
      0.2689318328181211,
      0.19252351452455274,
      0.048307006654024036
    ]
  },
  "Falcon-7B": {
    "d_head": 64,
    "theta": 10000,
    "T_train": 2048,
    "z": 0.2896309375740099,
    "k_dead": 23,
    "gamma_obs": 0.924,
    "gamma_pade": 0.752,
    "gamma_lerch_dead": 0.4381262073778783,
    "r2_lerch_dead": 0.8412032778810773,
    "gamma_lerch_full": 0.4823672477284934,
    "r2_lerch_full": 0.6235956597226463,
    "a_dead": [
      0.3766197137027542,
      0.3087485064208156,
      0.20871394207869964,
      0.2779640970654833,
      0.07861013207916605,
      -0.0652714083843367,
      0.055083187967645754,
      -0.08800852998427698
    ],
    "a_full": [
      0.6578634007689929,
      0.589973255408347,
      0.4898061548597748,
      0.5585833995333093,
      0.3573445501084111,
      0.20056785314106362,
      0.2789364609349515,
      0.020115337196340802
    ]
  },
  "SmolLM2-360M": {
    "d_head": 64,
    "theta": 130000,
    "T_train": 2048,
    "z": 0.022279302890308453,
    "k_dead": 18,
    "gamma_obs": 0.969,
    "gamma_pade": 0.972,
    "gamma_lerch_dead": 2.0924869738893457,
    "r2_lerch_dead": 0.5372763311992433,
    "gamma_lerch_full": 0.17817986024634686,
    "r2_lerch_full": 0.8733320313365489,
    "a_dead": [
      0.2904297890018149,
      0.24970981490544591,
      0.1712031729222,
      0.09516771290287208,
      0.023524094760583286,
      0.04453230763710146,
      4.3358119360993597e-07,
      -0.0548957162418703
    ],
    "a_full": [
      0.7279244946022235,
      0.6871886379389914,
      0.6085708445246009,
      0.5321387940157193,
      0.45891472241145476,
      0.4691211453886454,
      0.389561520051001,
      0.23980195213522673
    ]
  },
  "Qwen2.5-7B": {
    "d_head": 128,
    "theta": 1000000,
    "T_train": 4096,
    "z": 0.005792618751480198,
    "k_dead": 34,
    "gamma_obs": 0.997,
    "gamma_pade": 0.997,
    "gamma_lerch_dead": 0.5727285650619189,
    "r2_lerch_dead": 0.9485129639683372,
    "gamma_lerch_full": 0.14150710663250482,
    "r2_lerch_full": 0.8935290085544552,
    "a_dead": [
      0.30672222208235267,
      0.26433967484457077,
      0.20591093916598605,
      0.11764468097526831,
      0.06483786379925566,
      0.029049246293096326,
      0.03156951884771056,
      -0.11081347319924957
    ],
    "a_full": [
      0.7754712824598464,
      0.7330859163785685,
      0.6746374498044598,
      0.586300738541679,
      0.5332123341643275,
      0.4954626622435493,
      0.49112124240955124,
      0.32341498580283495
    ]
  }
}