{
  "model": "gpt2",
  "N": 12,
  "L_crit": 11,
  "N_sem": 1,
  "n_heads": 12,
  "n_pairs_signal": 9,
  "R_mean_matrix": [
    [
      -0.04715073039943866,
      -0.029001056429040186,
      0.030221303599445668,
      -0.2290398295024203,
      0.09090531049402659,
      0.0017913200014473443,
      0.003260929010006637,
      0.15089775380984966,
      -0.07491029845981216,
      -0.1572386702988569,
      0.12717930506710762,
      -0.10473274400459726
    ],
    [
      -0.1318337397727064,
      -0.4213162623472477,
      0.23165700066516834,
      -0.13368952700599007,
      -0.14882521513543304,
      0.06787011883760985,
      0.03787061894591053,
      -0.05332101729179471,
      -0.11831851365089986,
      -0.017984037081001155,
      -0.06907344970072377,
      0.07060005397101085
    ],
    [
      -0.11489626119613244,
      0.04623448790789987,
      0.026962173889546106,
      -0.11237564004313125,
      0.09365250116595426,
      0.10423854373191248,
      0.0316296186254476,
      0.008260330808955937,
      0.04066127607085644,
      -0.19282725746184776,
      -0.6512256171106814,
      0.09012197026704417
    ],
    [
      0.008846466762636764,
      0.05728363146232206,
      0.09741414023451352,
      0.04242838736813755,
      0.07451253629992917,
      -0.013316969840191316,
      0.07557048055595837,
      -0.14088269560099778,
      0.060783744078698305,
      0.024776118868615395,
      0.04228801195933449,
      -0.06361597468728013
    ],
    [
      -0.04014155411246823,
      0.04963818002405023,
      -0.008388670540789983,
      0.054971933612966185,
      0.03649678935095188,
      -0.0213560104046007,
      -0.0047868937118550345,
      -0.15540449805590698,
      -0.4844041040178607,
      -0.03300573434805098,
      -0.06122562114925001,
      0.0888176702208909
    ],
    [
      0.08127930788901983,
      0.06415212565542718,
      0.03320935833541057,
      0.04739663649971762,
      0.0038670206737053186,
      0.1488186179416576,
      0.08010108171716371,
      0.00638253806427289,
      -0.07033085979384841,
      -0.05390065189145713,
      0.007852939295914102,
      -0.010056956073631725
    ],
    [
      0.01796811593864487,
      0.006407069296773457,
      -0.04709849150414727,
      -0.013469603267306889,
      0.08042992587751102,
      -0.11116491130235996,
      -0.05504102048706353,
      0.019918679485582954,
      -0.025103327371914164,
      0.15315659907572943,
      0.08229150363759306,
      -0.08117270225550653
    ],
    [
      -0.10180967152804508,
      0.03222429996409318,
      0.034971915990998886,
      0.01305773491803531,
      0.015126826029587778,
      0.020191478612709885,
      -0.18508767821386374,
      0.14287022030667418,
      0.05501531002267371,
      0.009831980393353819,
      0.026352788818261988,
      0.1212155730197087
    ],
    [
      -0.09801482577065705,
      0.2007654816930569,
      0.15248623335356487,
      -0.004064701811150894,
      -0.004911520154477286,
      0.06309196023033957,
      0.11031133439239438,
      0.03070863819006671,
      0.008041175382738443,
      0.05176201773231278,
      0.004253190095890178,
      -0.054719526908106234
    ],
    [
      0.004145712404501323,
      0.007987218222317951,
      -0.0114119612965377,
      0.13098756915939333,
      0.05301174024499756,
      -0.015788334659833432,
      0.01729988009627639,
      -0.03479224432470708,
      -0.014176787584326812,
      -0.004649484734515968,
      0.037812927152647766,
      0.160472915680756
    ],
    [
      -0.007913238026429558,
      -0.011491038533055666,
      0.03442674451579263,
      0.018874895421248167,
      0.01997252411042421,
      0.07447600483803454,
      0.01995936444025323,
      -0.03658935480968632,
      0.17273636446835489,
      -0.06751505704989773,
      -0.0020313445353767642,
      0.06330243710629628
    ],
    [
      0.27824050979385456,
      0.017357301641577814,
      0.0006097296950808134,
      0.007686845096684596,
      0.030463161811448893,
      -0.06787734537202234,
      0.0018237090926640316,
      -0.024491175126714396,
      0.017871973304610638,
      -0.06529732346562883,
      -0.007579777300539466,
      0.030240790304848806
    ]
  ],
  "head_profiles": {
    "0": {
      "top_head": 7,
      "top_R": 0.15089775380984966,
      "per_head": [
        -0.04715073039943866,
        -0.029001056429040186,
        0.030221303599445668,
        -0.2290398295024203,
        0.09090531049402659,
        0.0017913200014473443,
        0.003260929010006637,
        0.15089775380984966,
        -0.07491029845981216,
        -0.1572386702988569,
        0.12717930506710762,
        -0.10473274400459726
      ]
    },
    "1": {
      "top_head": 2,
      "top_R": 0.23165700066516834,
      "per_head": [
        -0.1318337397727064,
        -0.4213162623472477,
        0.23165700066516834,
        -0.13368952700599007,
        -0.14882521513543304,
        0.06787011883760985,
        0.03787061894591053,
        -0.05332101729179471,
        -0.11831851365089986,
        -0.017984037081001155,
        -0.06907344970072377,
        0.07060005397101085
      ]
    },
    "2": {
      "top_head": 5,
      "top_R": 0.10423854373191248,
      "per_head": [
        -0.11489626119613244,
        0.04623448790789987,
        0.026962173889546106,
        -0.11237564004313125,
        0.09365250116595426,
        0.10423854373191248,
        0.0316296186254476,
        0.008260330808955937,
        0.04066127607085644,
        -0.19282725746184776,
        -0.6512256171106814,
        0.09012197026704417
      ]
    },
    "3": {
      "top_head": 2,
      "top_R": 0.09741414023451352,
      "per_head": [
        0.008846466762636764,
        0.05728363146232206,
        0.09741414023451352,
        0.04242838736813755,
        0.07451253629992917,
        -0.013316969840191316,
        0.07557048055595837,
        -0.14088269560099778,
        0.060783744078698305,
        0.024776118868615395,
        0.04228801195933449,
        -0.06361597468728013
      ]
    },
    "4": {
      "top_head": 11,
      "top_R": 0.0888176702208909,
      "per_head": [
        -0.04014155411246823,
        0.04963818002405023,
        -0.008388670540789983,
        0.054971933612966185,
        0.03649678935095188,
        -0.0213560104046007,
        -0.0047868937118550345,
        -0.15540449805590698,
        -0.4844041040178607,
        -0.03300573434805098,
        -0.06122562114925001,
        0.0888176702208909
      ]
    },
    "5": {
      "top_head": 5,
      "top_R": 0.1488186179416576,
      "per_head": [
        0.08127930788901983,
        0.06415212565542718,
        0.03320935833541057,
        0.04739663649971762,
        0.0038670206737053186,
        0.1488186179416576,
        0.08010108171716371,
        0.00638253806427289,
        -0.07033085979384841,
        -0.05390065189145713,
        0.007852939295914102,
        -0.010056956073631725
      ]
    },
    "6": {
      "top_head": 9,
      "top_R": 0.15315659907572943,
      "per_head": [
        0.01796811593864487,
        0.006407069296773457,
        -0.04709849150414727,
        -0.013469603267306889,
        0.08042992587751102,
        -0.11116491130235996,
        -0.05504102048706353,
        0.019918679485582954,
        -0.025103327371914164,
        0.15315659907572943,
        0.08229150363759306,
        -0.08117270225550653
      ]
    },
    "7": {
      "top_head": 7,
      "top_R": 0.14287022030667418,
      "per_head": [
        -0.10180967152804508,
        0.03222429996409318,
        0.034971915990998886,
        0.01305773491803531,
        0.015126826029587778,
        0.020191478612709885,
        -0.18508767821386374,
        0.14287022030667418,
        0.05501531002267371,
        0.009831980393353819,
        0.026352788818261988,
        0.1212155730197087
      ]
    },
    "8": {
      "top_head": 1,