{
  "model": "Qwen/Qwen2.5-7B",
  "n_layers": 28,
  "n_heads": 28,
  "seq_len": 512,
  "n_samples": 50,
  "l_crit_from_e1": null,
  "peak_cv_layer_1indexed": 5,
  "peak_cv_value": 0.000913,
  "min_entropy_layer_1indexed": 11,
  "min_entropy_value": 2.0645,
  "variance_per_layer": [
    0.000439,
    0.000216,
    0.000115,
    0.000241,
    0.000913,
    0.000626,
    0.000801,
    0.000508,
    0.000745,
    0.000349,
    0.000821,
    0.000669,
    0.000579,
    0.000473,
    0.000678,
    0.000626,
    0.000427,
    0.00034,
    0.000661,
    0.000602,
    0.00062,
    0.000531,
    0.000799,
    0.000601,
    0.000558,
    0.0007,
    0.000602,
    0.000678
  ],
  "entropy_per_layer": [
    3.4547,
    4.2553,
    4.4153,
    3.8952,
    2.2419,
    2.9846,
    2.2191,
    3.1387,
    2.4572,
    3.8687,
    2.0645,
    2.4215,
    2.9864,
    3.123,
    2.8327,
    2.3509,
    3.312,
    3.7269,
    2.8109,
    3.1786,
    3.2028,
    3.209,
    2.8174,
    2.9818,
    3.3167,
    2.8269,
    2.9339,
    2.7591
  ],
  "n_nan_layers": 0,
  "dtype": "bfloat16",
  "decision": "L_crit unknown (E1 not run)",
  "runtime_seconds": 208.9
}