{
  "model": "EleutherAI/pythia-1b",
  "theta": 10000,
  "T_train": 2048,
  "n_layers": 16,
  "n_heads": 8,
  "d_head": 256,
  "n_prompts": 100,
  "seeds": [
    42,
    123
  ],
  "distances": [
    10,
    20,
    30,
    50,
    100,
    200,
    500,
    1000,
    2000
  ],
  "fit_distances": [
    30,
    50,
    100,
    200,
    500,
    1000,
    2000
  ],
  "gamma_matrix": [
    [
      0.8795057152438874,
      0.9844017280364825,
      1.232778753947262,
      1.0349923106364485,
      2.208751653817526,
      1.462846291453972,
      1.0970639862945217,
      1.0553766640276696
    ],
    [
      -0.004405381131756958,
      1.5283291673272372,
      0.5761287607452404,
      2.7473704383596553,
      1.332884147881978,
      1.495704418436605,
      1.172173002754719,
      1.0756171590846129
    ],
    [
      0.8599733047393633,
      1.4795641321754858,
      0.9238579361303981,
      1.2956328919752516,
      1.1541814506240533,
      0.5582701220126941,
      0.812445281530606,
      1.0719977349820158
    ],
    [
      1.8168574584690014,
      1.1336457399794755,
      0.5260499680772346,
      0.7138168257850263,
      0.7527332786764239,
      NaN,
      0.5215563581960428,
      0.8172014705456233
    ],
    [
      0.8864681469569827,
      1.073884833931809,
      0.7248672221294873,
      0.5721809255224343,
      0.6129629033524642,
      0.7879224477782721,
      0.7977209663259256,
      0.5153641577256519
    ],
    [
      0.4416915602884038,
      0.8324829139855804,
      0.5776002675137978,
      0.7766618455760613,
      0.8479503740575175,
      0.42529821421510766,
      0.9091331866514428,
      0.5679290797313209
    ],
    [
      1.0175690452294357,
      0.8860533839539646,
      0.7765646199248394,
      0.2759084011457845,
      0.8262101981761801,
      0.8341184016593658,
      0.8916604380502494,
      0.6243495954385491
    ],
    [
      0.704313633534824,
      0.6176458342633918,
      0.9203540551012243,
      0.7607889057633068,
      1.1711127999539752,
      1.3627221469913524,
      0.9815926307509465,
      1.1172399677143838
    ],
    [
      0.9156256804608761,
      0.8317806744260864,
      0.976180361609469,
      0.8188931396224298,
      1.0279007193673286,
      1.0068188542002128,
      0.9964484700986493,
      1.1276092928636439
    ],
    [
      0.9019753163999291,
      0.7779401070302111,
      0.8849567816872279,
      0.8139052287300755,
      0.7027327277631024,
      0.7412426526515815,
      0.9546996100155584,
      0.8729633494738922
    ],
    [
      0.8102836466801463,
      1.4767576281433887,
      0.756579307475405,
      0.8500750457078691,
      0.81162537910177,
      0.48179861804917007,
      0.6511315892691508,
      0.9667986233083746
    ],
    [
      0.8216250023190703,
      0.7267487339911808,
      0.5407559620780636,
      0.7309714056921746,
      0.7875610695029948,
      0.6176089776823874,
      0.6901681830882597,
      0.5771686801524487
    ],
    [
      0.6662791184420488,
      0.8529484630187925,
      0.40403505459610867,
      0.5497746055876268,
      0.8449624757555881,
      0.7457605914836569,
      0.7373140069740753,
      0.8301965988541858
    ],
    [
      1.069240918982515,
      0.6708193820418654,
      0.5070678206795957,
      0.8707885072161895,
      1.2370630772562192,
      0.6147152364001347,
      0.7160433558346534,
      0.5508640316819763
    ],
    [
      1.3183257880675952,
      0.7727530283370406,
      1.1355711150150387,
      1.026633303577236,
      0.8343545797054324,
      1.1469545605685523,
      0.7246435394764129,
      0.9022721494604329
    ],
    [
      1.0407085014281543,
      0.7994866594218925,
      1.1489729658984846,
      0.7747253150596083,
      0.6835372058052135,
      0.9876955349143447,
      0.885925355325502,
      1.1111390971654063
    ]
  ],
  "r2_matrix": [
    [
      0.8649454576762984,
      0.9670044821521447,
      0.9551338300060987,
      0.8922124141166533,
      0.9854971782058476,
      0.9854813333670653,
      0.9839804583815712,
      0.9524314545526558
    ],
    [
      1.656471242938995e-05,
      0.9152508722831817,
      0.8299181112613985,
      0.7548934721990418,
      0.37372021206957495,
      0.8205406454419963,
      0.8773776589945181,
      0.899733295153094
    ],
    [
      0.8471867258044904,
      0.8911793817781438,
      0.670565859236715,
      0.7789140414954946,
      0.9784299179793654,
      0.3234270338247772,
      0.9176092878899004,
      0.9823031231632287
    ],
    [
      0.9213445840701017,
      0.975579686557698,
      0.30374255806900763,
      0.7997168024769072,
      0.8915021933891273,
      0.0,
      0.4314770770734997,
      0.7021956008576038
    ],
    [
      0.9106978094291088,
      0.5168499660567778,
      0.838461201416285,
      0.7622215714202,
      0.6001841591947555,
      0.9514728269022822,
      0.8522296095886457,
      0.1684084369944986
    ],
    [
      0.4227105154470491,
      0.6424111773023775,
      0.7225893081884032,
      0.21208714055845101,
      0.9365030077729317,
      0.11489544372824301,
      0.9338718486853526,
      0.5553877784355616
    ],
    [
      0.29872449141598567,
      0.9532248635353933,
      0.689159948207108,
      0.02453892972252303,
      0.3980236225026592,
      0.22561164541901702,
      0.6634451705497462,
      0.7159221739477337
    ],
    [
      0.9318944917439921,
      0.8677863796280412,
      0.9045718921636541,
      0.12310698473320547,
      0.8108859427892663,
      0.22503422270112028,
      0.20767765492313528,
      0.5220070169578801
    ],
    [
      0.8499116882966272,
      0.7039158604258713,
      0.8461534395033061,
      0.3793298992439189,
      0.35930744806058257,
      0.8218797673168354,
      0.729935425470577,
      0.3564304980401283
    ],
    [
      0.8111031231294071,
      0.9019613179377098,
      0.27962508864442037,
      0.4573857419457775,
      0.5197514192111452,
      0.8242620593995089,
      0.32881029271951767,
      0.8707494457154135
    ],
    [
      0.9629242150365351,
      0.26773401442296685,
      0.4224096764262183,
      0.4078931914334276,
      0.4046605414827035,
      0.9014543038356045,
      0.9662855687866639,
      0.5309172311431234
    ],
    [
      0.6976098283859717,
      0.8638370741586328,
      0.6978255954720742,
      0.6656518455668117,
      0.8213042738739708,
      0.9394262893904638,
      0.956016558626492,
      0.9068968409606771
    ],
    [
      0.9238659930650726,
      0.4268916400145897,
      0.8211330461510744,
      0.8348383688147157,
      0.4166628569871327,
      0.5024546378879243,
      0.9015178820749369,
      0.9137211938419866
    ],
    [
      0.3147448243932194,
      0.5371221066019061,
      0.9804584088487549,
      0.9852552723981898,
      0.6620343507168126,
      0.5237346158010243,
      0.9457949698431312,
      0.6013837805678253
    ],
    [
      0.5793772257308513,
      0.6979803738826041,
      0.867214159573946,
      0.7610295707912886,
      0.6585317138891358,
      0.6482571257850535,
      0.9827756840769488,
      0.5360090396182322
    ],
    [
      0.5120005110853041,
      0.6864114485009468,
      0.7712733210288949,
      0.9904589354150599,
      0.8633653664091914,
      0.590940525168925,
      0.9562549508836014,
      0.5865741814791736
    ]
  ],
  "summary": {
    "gamma_mean": 0.8917049498967125,
    "gamma_std": 0.33802218644873705,
    "gamma_min": -0.004405381131756958,
    "gamma_max": 2.7473704383596553,
    "gamma_range": 2.7517758194914124,
    "gamma_global_fit": 0.7176857021389805,
    "r2_global": 0.8267374615071829,
    "gamma_mixture_pred": 0.8917049498967127
  },
  "outlier_heads_high": [
    [
      0,
      4,
      2.208751653817526
    ],
    [
      1,
      3,
      2.7473704383596553
    ],
    [
      3,
      0,
      1.8168574584690014
    ]
  ],