{
  "model": "EleutherAI/pythia-1b",
  "theta": 10000,
  "T_train": 2048,
  "n_layers": 16,
  "n_heads": 8,
  "d_head": 256,
  "n_prompts": 100,
  "seeds": [
    42,
    123
  ],
  "distances": [
    10,
    20,
    30,
    50,
    100,
    200,
    500,
    1000,
    2000
  ],
  "fit_distances": [
    30,
    50,
    100,
    200,
    500,
    1000,
    2000
  ],
  "gamma_matrix": [
    [
      0.8334493923117795,
      0.9759701214731358,
      1.1632283630755795,
      0.9574797727465159,
      2.062514497116373,
      1.224591586437351,
      0.9449911719600551,
      1.132995686100646
    ],
    [
      0.7400286852334905,
      1.7570714735908242,
      0.8475667920576375,
      1.711126533320611,
      0.8122994549235109,
      1.4166823047252324,
      1.1989267296462087,
      1.0986135411930813
    ],
    [
      0.5055877004019274,
      1.5785416463365314,
      0.9818610979650481,
      1.7970577894960882,
      0.8458934706875758,
      0.31531676987684215,
      0.6399210967283387,
      1.1223204202097332
    ],
    [
      1.539913966105793,
      1.1684454728448355,
      0.5459497937671179,
      0.6033082723981846,
      0.7432296852804611,
      -0.8098301307498013,
      0.3409744161709651,
      0.37090780403708795
    ],
    [
      0.8666159843815948,
      0.5947504148651915,
      0.7701248254268944,
      0.6089614949757122,
      0.6952046229419875,
      0.8108707905576551,
      0.9359513757067398,
      0.3719398342982479
    ],
    [
      0.9938871603368219,
      0.8101126847405705,
      0.9145906681321125,
      0.22274418218737663,
      0.8920659178368745,
      0.263346124955582,
      0.872597762095922,
      0.7905943381096424
    ],
    [
      0.3612558861914358,
      0.8549902515342732,
      1.01173440039235,
      -0.07598452803289066,
      0.8051020112457846,
      0.5736123576616793,
      0.9691053895418731,
      0.7405881218418644
    ],
    [
      1.0285152486358125,
      0.7980892551004142,
      0.857109850773097,
      0.5697683146793444,
      1.5610950706052817,
      0.4776163798007907,
      0.5743900700621248,
      0.8798847967898151
    ],
    [
      0.9556160611148582,
      0.9298320415155833,
      1.0043459331739388,
      0.9427251474876736,
      0.777887489381739,
      1.0946574444020292,
      1.003695705771028,
      0.6833714613999748
    ],
    [
      1.1655492557050806,
      1.0178905424345335,
      0.6467109519273795,
      0.9627884488557011,
      0.9444424084738572,
      1.1330804867381084,
      0.6407492537928718,
      1.0957815021629052
    ],
    [
      1.0393766003336422,
      0.49544765779315886,
      0.33592992800932947,
      0.5031428675610023,
      1.01003842034714,
      0.9824244959077766,
      0.929902975839392,
      0.9785160295647153
    ],
    [
      0.6984803994530259,
      1.0635867784699993,
      0.9765100992039869,
      0.8986708268521272,
      1.1226596493710095,
      1.1394285931591683,
      0.9855851040397622,
      1.1358227761514306
    ],
    [
      1.1042626511936788,
      0.58204213687487,
      0.9755412991133396,
      1.0501838004445148,
      0.6015738177487793,
      0.650621802433272,
      0.9246644733230025,
      1.2750038003627067
    ],
    [
      0.4178539495329005,
      0.7663083328972471,
      1.0929941057662178,
      1.1749564399994732,
      1.0958203670787565,
      0.7580869451754828,
      0.7799802124372615,
      0.996469050423769
    ],
    [
      0.6457559876839348,
      1.0753984341464384,
      1.0303157564006302,
      0.9309970322139111,
      0.8351424960595374,
      1.1855613097037587,
      0.7828316162166423,
      0.737440815301528
    ],
    [
      0.9955096053787933,
      0.9879594077245235,
      0.9829932016733423,
      1.0344261598518252,
      0.8163788007552125,
      0.8854152136226414,
      1.1682047642543778,
      1.1105636890587967
    ]
  ],
  "r2_matrix": [
    [
      0.8104733576044064,
      0.9557062436197553,
      0.9097383815318889,
      0.7289865509135951,
      0.9345746663182402,
      0.9080283169080503,
      0.9908553046922304,
      0.9752581408977813
    ],
    [
      0.42598130656175426,
      0.846350176285908,
      0.9656162430464127,
      0.826877240322729,
      0.5039350420890693,
      0.9412583673689795,
      0.5985450511365922,
      0.8500659128681254
    ],
    [
      0.7121511889997132,
      0.6974407408373668,
      0.8632179818239787,
      0.8570705427375334,
      0.9567372825833517,
      0.10205455059675594,
      0.6499419386974303,
      0.9756053512795303
    ],
    [
      0.8719855824249625,
      0.9616095433915376,
      0.4264659954619908,
      0.629025165555767,
      0.9078492108159268,
      0.18007094644746247,
      0.3730108135563738,
      0.20336959378212605
    ],
    [
      0.9553021968390396,
      0.7140290568589636,
      0.9518154119326709,
      0.8708224008369811,
      0.830923365422963,
      0.9481204608813326,
      0.9724159640293285,
      0.24620111874936235
    ],
    [
      0.9559820944162766,
      0.8884385835177607,
      0.9540371406179253,
      0.4999413124240496,
      0.9623112762007654,
      0.3447105534499375,
      0.956112209980354,
      0.9512925460565271
    ],
    [
      0.6925847392517106,
      0.9834688897097849,
      0.9738033293416797,
      0.00768637227149116,
      0.8799014280848267,
      0.660912057728657,
      0.975834556254771,
      0.945852954298154
    ],
    [
      0.9881092150435884,
      0.9106238666093984,
      0.9037935321932701,
      0.7410833918346534,
      0.7933226259059285,
      0.7651070401576875,
      0.868308786906469,
      0.9333314475689664
    ],
    [
      0.9299136292872435,
      0.9591846936783452,
      0.9943838729345983,
      0.9760473726042662,
      0.8652023552631141,
      0.9789201714833098,
      0.9666963705462,
      0.8680437463170855
    ],
    [
      0.9709390565580528,
      0.9355711629193759,
      0.7545546999227073,
      0.9575033468418663,
      0.9714109660244252,
      0.9633722529342329,
      0.7888905829405781,
      0.937646298783392
    ],
    [
      0.9635372537903019,
      0.5906014166880726,
      0.45768564820003765,
      0.708906613072885,
      0.9905825950256325,
      0.9554917114117554,
      0.990499933303469,
      0.9608380843831914
    ],
    [
      0.9480594529575821,
      0.985122480784389,
      0.954651310815916,
      0.9271076514861413,
      0.9558279148371532,
      0.9757642045805685,
      0.8988985239803765,
      0.9369187420327386
    ],
    [
      0.9666432928798828,
      0.7133617424940295,
      0.9909643097646822,
      0.969665662448983,
      0.8041867961580967,
      0.6575767014787801,
      0.9909607545514857,
      0.9585625209099411
    ],
    [
      0.6247125606453287,
      0.9259097340812333,
      0.9945177551244873,
      0.9870398356217964,
      0.8333845989971624,
      0.9599851450948831,
      0.9756899840094918,
      0.988596699772356
    ],
    [
      0.7280548658120971,
      0.8640694939666873,
      0.9894386095291136,
      0.8861049345917338,
      0.8906678702537246,
      0.8797662524202383,
      0.9891997794579176,
      0.9118918734052537
    ],
    [
      0.9026645764825049,
      0.9745183934906425,
      0.9307054375211878,
      0.9589651284985476,
      0.9336450916590456,
      0.8514274684654717,
      0.9986087063480874,
      0.8712597519270038
    ]
  ],
  "summary": {
    "gamma_mean": 0.8852661816178581,
    "gamma_std": 0.352252002097594,
    "gamma_min": -0.8098301307498013,
    "gamma_max": 2.062514497116373,
    "gamma_range": 2.872344627866174,
    "gamma_global_fit": 0.8758557739227039,
    "r2_global": 0.9808999901754948,
    "gamma_mixture_pred": 0.8852661816178581
  },