{
  "model": "EleutherAI/pythia-410m",
  "theta": 10000,
  "T_train": 2048,
  "n_layers": 24,
  "n_heads": 16,
  "d_head": 64,
  "n_prompts": 100,
  "seeds": [
    42,
    123
  ],
  "distances": [
    10,
    20,
    30,
    50,
    100,
    200,
    500,
    1000,
    2000
  ],
  "fit_distances": [
    30,
    50,
    100,
    200,
    500,
    1000,
    2000
  ],
  "gamma_matrix": [
    [
      2.726055838530958,
      1.0073425125469087,
      1.5171373901813452,
      1.0496721091688748,
      1.153401153203036,
      1.2185284025798226,
      2.3128970965201576,
      1.7044832265660552,
      1.4323257858013425,
      1.8719545414687282,
      1.2523847435794127,
      1.371101419457763,
      1.3492153955868749,
      1.72834333950613,
      2.404071608762059,
      1.3236650900890818
    ],
    [
      1.297378069809053,
      1.582234496309131,
      1.596746801315529,
      1.9734770011415022,
      1.1276487941161182,
      1.447669137682753,
      1.6422296950529471,
      1.3820431953431414,
      1.4959523102504295,
      2.2752839613751026,
      1.5858534848144956,
      1.36273066116829,
      1.2697020698610506,
      2.0177032994080992,
      1.8115864132013562,
      1.1305211949420135
    ],
    [
      0.8196173023100031,
      1.1783455191452,
      0.9544239558116041,
      0.9369183028317772,
      0.9715142603678371,
      0.7557475675061813,
      1.6633402086845652,
      1.6721987126652975,
      1.1908014778097502,
      1.0956034986791419,
      1.0741903815619485,
      1.2633926760515437,
      0.8687762497292961,
      1.099367190218468,
      0.899192614610129,
      0.7987130423153362
    ],
    [
      0.7170105015679494,
      1.5260365445087043,
      1.0053254357226828,
      1.0802366445385387,
      1.1417989940173474,
      1.1574968230067977,
      1.3423560516739537,
      0.9463382896065721,
      0.9786501674673512,
      1.2075324156801537,
      1.2927320814308247,
      0.8448521870055951,
      1.3052138474897328,
      0.9371387708381207,
      1.2982688322796205,
      1.0700574738278124
    ],
    [
      1.392094302932288,
      0.9645918875072284,
      1.1792610803109804,
      1.1784614728803235,
      1.062873879583764,
      1.0999669516182669,
      0.9804838206366652,
      0.9589278065075242,
      1.016907777909968,
      0.1604038687221364,
      1.3361387131703166,
      0.9815858592691089,
      0.9828719109581309,
      1.2154670636358424,
      2.205273914323529,
      0.8258432082979329
    ],
    [
      0.9651203404078724,
      1.1561719154184984,
      -0.2956786983168969,
      1.8938979406291279,
      1.2268134774072605,
      2.549008693276239,
      1.6662635569027766,
      1.7068454514915083,
      1.8594120355745658,
      1.1341109863149978,
      1.5407595837065966,
      2.6386759621155647,
      1.5356731386892757,
      0.7462855365194477,
      1.34879739352047,
      1.4387861075673918
    ],
    [
      0.17620027092690854,
      1.1231692958162676,
      1.0512022263652687,
      0.7567255030536726,
      0.9541289999347151,
      1.1994930579975132,
      1.0005008296745068,
      1.0353165908606663,
      1.0000465873495101,
      1.570499571596221,
      1.0248707257865297,
      0.7150471033044332,
      1.2668509713180391,
      2.1663999225936306,
      0.8231664624619577,
      0.6964639572005903
    ],
    [
      0.33048387612976005,
      0.7939306831475077,
      3.6287897081220346,
      0.8608629297681091,
      1.0650490272159712,
      0.9785113140453806,
      1.116334605109173,
      2.092811713510906,
      0.4019813833507316,
      2.282454487431723,
      2.364176491488095,
      1.381285433594133,
      0.8472478641502119,
      0.923081914663547,
      0.5948585085012981,
      0.6842744350920941
    ],
    [
      1.0623238371870845,
      2.5886120954510994,
      2.804119671959186,
      1.0575394939218865,
      1.069209637374175,
      0.8506996501791494,
      0.610858881533511,
      0.6660348404027873,
      2.5013657453439917,
      1.6053755112433714,
      1.0085574475908714,
      1.9348705597884868,
      1.692985637294813,
      0.9258568392888018,
      1.2930546265672618,
      1.150906759787014
    ],
    [
      0.6021704266067636,
      2.0150588640824343,
      1.0617856058539596,
      0.9215185567484375,
      1.1056078400809024,
      2.9738479585025024,
      1.082891444553355,
      0.9281933669357331,
      0.7819336816517967,
      0.8674036467388558,
      1.8873248160823022,
      1.4446485126802426,
      1.2383995009758695,
      2.673630340872261,
      1.1101243813312174,
      1.4309031775265089
    ],
    [
      0.7975440790492834,
      2.794889916309123,
      1.1698473203773316,
      1.1638937068061617,
      0.6679840140577139,
      2.6825624278916025,
      1.166739795788089,
      0.885593422778708,
      1.205842330758815,
      0.757012041235384,
      2.327030694439253,
      2.2534584372854805,
      0.8442033482583157,
      0.9643744768487991,
      3.6046868593616557,
      0.8322049173144582
    ],
    [
      1.786536803955796,
      0.8001148827978782,
      0.4778511816889097,
      0.8223927842537179,
      1.5423479016394768,
      1.2501647514374032,
      0.7122344855047319,
      0.9198624117554458,
      1.927462428706347,
      1.6785052756614964,
      2.0166351635855153,
      1.059894572347914,
      1.1784552633473504,
      0.8426850644521451,
      0.6261486505683279,
      0.9906463978374613
    ],
    [
      1.2683682079409697,
      0.9370978173013425,
      2.577769610082435,
      1.2508961425466483,
      2.453728963035811,
      2.7762118269384035,
      0.8598308825922686,
      1.055557575697965,
      0.831705995226792,
      0.8033111589015419,
      0.7407214477823857,
      0.904549820939016,
      0.6185655065175506,
      1.3341392776580219,
      1.193475265772751,
      1.111972799252095
    ],
    [
      3.1859029275464708,
      1.139341279518733,
      2.458041085736429,
      1.1233809534374999,
      0.9657534386279925,
      2.4278853575846218,
      1.2328498129530467,
      1.1269330287753936,
      1.553884964741587,
      1.0930416247100283,
      1.191756401602798,
      1.148551407186968,
      1.0372406710584552,
      1.4654362498008267,
      0.7769460932616479,
      1.7570174134385932
    ],
    [
      1.3171053248200615,
      2.516663691586333,
      0.7052852739363096,
      2.050093993744093,
      1.5024133941475661,
      0.9541823353527353,
      1.0173189480292462,
      1.2391274752704537,
      1.3193491104114348,
      1.6589276048646786,
      1.7431587957307921,
      1.0649337185769256,
      2.506198220226507,
      1.2127468812145608,
      1.4523665909424128,
      1.3649941022695737
    ],
    [
      NaN,
      NaN,
      NaN,
      NaN,
      NaN,
      NaN,
      NaN,
      NaN,
      NaN,
      NaN,
      NaN,
      NaN,
      NaN,
      NaN,
      NaN,
      NaN
    ],
    [
      NaN,
      NaN,
      NaN,
      NaN,
      NaN,
      NaN,
      NaN,
      NaN,
      NaN,
      NaN,
      NaN,
      NaN,
      NaN,
      NaN,
      NaN,
      NaN
    ],
    [
      NaN,
      NaN,
      NaN,
      NaN,
      NaN,
      NaN,
      NaN,
      NaN,
      NaN,
      NaN,
      NaN,
      NaN,
      NaN,
      NaN,
      NaN,
      NaN
    ],
    [
      NaN,
      NaN,
      NaN,
      NaN,
      NaN,
      NaN,
      NaN,
      NaN,
      NaN,
      NaN,
      NaN,
      NaN,
      NaN,
      NaN,
      NaN,
      NaN
    ],
    [
      NaN,
      NaN,
      NaN,
      NaN,
      NaN,
      NaN,
      NaN,
      NaN,
      NaN,
      NaN,
      NaN,
      NaN,
      NaN,
      NaN,
      NaN,
      NaN
    ],
    [
      NaN,
      NaN,
      NaN,
      NaN,
      NaN,
      NaN,
      NaN,
      NaN,
      NaN,
      NaN,
      NaN,
      NaN,
      NaN,
      NaN,
      NaN,
      NaN
    ],
    [
      NaN,
      NaN,
      NaN,
      NaN,
      NaN,
      NaN,
      NaN,
      NaN,
      NaN,
      NaN,
