{
  "model": "EleutherAI/pythia-1b",
  "theta": 10000,
  "T_train": 2048,
  "n_layers": 16,
  "n_heads": 8,
  "d_head": 256,
  "n_prompts": 100,
  "seeds": [
    42,
    123
  ],
  "distances": [
    10,
    20,
    30,
    50,
    100,
    200,
    500,
    1000,
    2000
  ],
  "fit_distances": [
    30,
    50,
    100,
    200,
    500,
    1000,
    2000
  ],
  "gamma_matrix": [
    [
      0.7643217864837205,
      0.7583008846384591,
      0.7440369246158322,
      0.7524597003444957,
      0.7517980784758727,
      0.7504581341271065,
      0.7630526404229151,
      0.7421691585583287
    ],
    [
      1.0654080146813525,
      1.3181580601220737,
      1.3638758633812063,
      0.6387953086271347,
      0.804747677755539,
      1.1876954315272807,
      0.7926468816975677,
      0.753642607297473
    ],
    [
      1.1112756096430214,
      1.155915693960715,
      1.035566239116404,
      0.9266315804086012,
      1.040197820909895,
      1.0337761960791825,
      0.656301737112093,
      0.8300943378550543
    ],
    [
      1.05992634683704,
      1.3075014028296486,
      0.7483051181560331,
      0.9382998038459225,
      1.085026392120318,
      -0.3002222809624908,
      0.3379057820713906,
      0.27870689895048395
    ],
    [
      1.024357242324027,
      0.941949783807678,
      0.7428044802540513,
      0.7515876914632372,
      0.763558912841196,
      0.8874720935153378,
      0.8812923427813879,
      0.8824124778109881
    ],
    [
      1.1728846876489238,
      0.7567416524537609,
      1.08386026651591,
      0.935160450597258,
      0.8412041344331691,
      0.760238679969963,
      0.9610821954031936,
      0.6967095365425893
    ],
    [
      0.8011799505716544,
      1.0889836347620756,
      0.6569715904420792,
      0.46717626939427803,
      1.0809878013918133,
      0.9011446050506902,
      1.0451523745797495,
      0.8072492905844225
    ],
    [
      0.8668685034778735,
      0.7529316377355876,
      1.137102985038932,
      0.6461127354551363,
      1.0823639493030857,
      0.9214422375618202,
      0.7726608186349743,
      0.7015777732229165
    ],
    [
      0.7951662514898198,
      0.7906985470839227,
      0.748790339199247,
      1.145237288413705,
      0.7669360644025185,
      0.9709380720667952,
      0.9460730450518757,
      0.7894462272406325
    ],
    [
      0.9100631089181473,
      1.009215994247514,
      0.9122673233288214,
      0.8871721088028464,
      1.0091374307979608,
      0.99394569624633,
      0.9748563184415199,
      1.0691673422059107
    ],
    [
      0.9679472649967518,
      0.749036077201994,
      0.6438103340464959,
      0.7176981743545853,
      0.738538603953846,
      0.8951817614733945,
      0.7075996630584106,
      0.6282678340626305
    ],
    [
      0.7328273500643889,
      1.2247719771041543,
      0.9702734390252399,
      0.7889543057051213,
      1.055257077807568,
      0.893847833838322,
      1.0844008123663575,
      0.9246724137838388
    ],
    [
      0.9684168878937636,
      0.6947373762649378,
      1.0645545387755904,
      0.9113857205104324,
      0.8299823802980411,
      0.7486329583264228,
      0.8777613658947471,
      1.077585193001541
    ],
    [
      1.028871085561998,
      0.7756817319092107,
      1.0151699025703165,
      1.3930872726619155,
      0.8047470755684063,
      0.7193289533637038,
      0.9310471109375398,
      1.2834731066248868
    ],
    [
      0.5997457886063133,
      0.9651061055956538,
      1.0254643198388256,
      0.7603228778648421,
      0.9407932826056545,
      0.9198150767621136,
      0.982738210437213,
      0.8986930459216282
    ],
    [
      0.6197842625226277,
      0.9630931345250762,
      0.8891388996252048,
      0.8485866782340576,
      0.9127126323906977,
      0.751985954438536,
      1.053838418358362,
      0.6659123238295984
    ]
  ],
  "r2_matrix": [
    [
      0.9838044112568194,
      0.9881458721333432,
      0.9848890299463161,
      0.9873747089146697,
      0.984836723183823,
      0.9821553850335022,
      0.9840351094030393,
      0.9838710996622485
    ],
    [
      0.6513690306757876,
      0.796677824871332,
      0.866503954639385,
      0.4243822731555913,
      0.5249876614699414,
      0.7589161197692195,
      0.6844171814971395,
      0.960905716131325
    ],
    [
      0.8956370414840497,
      0.8184191206414371,
      0.8759686043595338,
      0.6822750873742434,
      0.8581076236317363,
      0.6612106154383351,
      0.9581278650085415,
      0.962129769499204
    ],
    [
      0.976973335451917,
      0.9480496304865479,
      0.7646668368125952,
      0.8118137078401024,
      0.8931217152206431,
      0.027045119546105778,
      0.20318183911631305,
      0.14673448089685726
    ],
    [
      0.991967114921425,
      0.8989758783259625,
      0.9827808413170096,
      0.9732849730384618,
      0.8920801433427914,
      0.8939706042319054,
      0.9597757818919727,
      0.7916626267094659
    ],
    [
      0.9424243610238467,
      0.9699349396606495,
      0.9443630409280971,
      0.9517226630947134,
      0.9751057318711343,
      0.9815176609484383,
      0.8223101985974627,
      0.8038734530052085
    ],
    [
      0.9241428845780365,
      0.9808092450453116,
      0.9507788996664249,
      0.11260424988484652,
      0.9639293000055894,
      0.987376802710503,
      0.9622668120322163,
      0.9489709493661884
    ],
    [
      0.9739550822652965,
      0.9127407536012633,
      0.9740474600846996,
      0.9020085799022252,
      0.8791250091247065,
      0.9758348508736328,
      0.982975984043518,
      0.9877812685469215
    ],
    [
      0.9151029558267736,
      0.9748580064285421,
      0.987966594454909,
      0.9383678042009753,
      0.9078257022121373,
      0.9800303812534523,
      0.9814177746199615,
      0.9450468132008317
    ],
    [
      0.9743228110745434,
      0.9946346993930207,
      0.9895835530087892,
      0.951977044507458,
      0.9405855810736858,
      0.9434486556954125,
      0.9729132115408536,
      0.9711299592970725
    ],
    [
      0.9465143038199697,
      0.9734373086611868,
      0.9954625529797331,
      0.9733572835861463,
      0.9827532785015596,
      0.9471914774895432,
      0.932164986891758,
      0.9626943897804817
    ],
    [
      0.9794164909151549,
      0.950741833069014,
      0.9289183864804141,
      0.989222392526147,
      0.9424526675425535,
      0.9539999002223021,
      0.8369073477735312,
      0.9429386278596711
    ],
    [
      0.935296286446358,
      0.9718319584408968,
      0.9750520504877429,
      0.9643294356958833,
      0.9887195919525222,
      0.9880679227413561,
      0.9467390370295404,
      0.9381814552757476
    ],
    [
      0.9365456227266996,
      0.965686294276376,
      0.9646619016437528,
      0.914464542962095,
      0.7805316015486978,
      0.9774026118339252,
      0.9661772797527866,
      0.9601830866410894
    ],
    [
      0.8988203978029242,
      0.8602968732969177,
      0.9158450877515237,
      0.7481047554166087,
      0.9166537296717651,
      0.7570162882723661,
      0.9869056420155361,
      0.9220960979132643
    ],
    [
      0.7223481962143969,
      0.8530406121492781,
      0.8741984765311,
      0.9788734656604553,
      0.9787991954183525,
      0.9094134469569225,
      0.978953551972799,
      0.7933544643456063
    ]
  ],
  "summary": {
    "gamma_mean": 0.8779249091387495,
    "gamma_std": 0.2134606263763354,
    "gamma_min": -0.3002222809624908,
    "gamma_max": 1.3930872726619155,
    "gamma_range": 1.6933095536244063,
    "gamma_global_fit": 0.8512554480180818,
    "r2_global": 0.9946770598872493,
    "gamma_mixture_pred": 0.8779249091387495
  },
  "outlier_heads_high": [
    [
      1,
      1,
      1.3181580601220737
    ],
    [
      1,
      2,
      1.3638758633812063
    ],
    [
      3,
      1,
      1.3075014028296486
    ],
    [
      13,
      3,
      1.3930872726619155
    ]
  ],