{
  "model": "EleutherAI/pythia-1b",
  "theta": 10000,
  "T_train": 2048,
  "n_layers": 16,
  "n_heads": 8,
  "d_head": 256,
  "n_prompts": 100,
  "seeds": [
    42,
    123
  ],
  "distances": [
    10,
    20,
    30,
    50,
    100,
    200,
    500,
    1000,
    2000
  ],
  "fit_distances": [
    30,
    50,
    100,
    200,
    500,
    1000,
    2000
  ],
  "gamma_matrix": [
    [
      0.7608762831713559,
      0.7652614812440092,
      0.7484463029442969,
      0.7545435322668619,
      0.7594408749990407,
      0.7558807192271272,
      0.7626375091295992,
      0.7528338901497326
    ],
    [
      0.7754259688269534,
      0.7631360570251405,
      0.7418002440329388,
      0.7587604292601725,
      0.7576795227674133,
      0.7552327153720104,
      0.7582124304106523,
      0.7479828974070954
    ],
    [
      0.7653127806151757,
      0.7461451310788445,
      0.7696001695453099,
      0.7461037415446972,
      0.7591630737041831,
      0.7539587613487975,
      0.7538625960193533,
      0.7513070133312397
    ],
    [
      0.7563432499805288,
      0.7761107066266207,
      0.7442838840213764,
      0.7521371743450418,
      0.7505637393257434,
      0.7695447841403256,
      0.7554413489601204,
      0.7666209870562611
    ],
    [
      0.7602412409243213,
      0.7753034287397631,
      0.7737938468282183,
      0.7734919654112046,
      0.7612774412993935,
      0.7429701373742656,
      0.7417031380928163,
      0.7556823071775794
    ],
    [
      0.7356422077535445,
      0.7754093812203173,
      0.7588016178670219,
      0.743173810418089,
      0.782577120141176,
      0.7526024722167826,
      0.7382982820295757,
      0.7490228443531554
    ],
    [
      0.7656931211140169,
      0.7582308729639864,
      0.7474664132424788,
      0.7841272496310758,
      0.7606245349396313,
      0.7496140150944477,
      0.7812313278646715,
      0.7574592832757164
    ],
    [
      0.7633718150273545,
      0.7451985213665698,
      0.7596222808702942,
      0.7477744448315442,
      0.7787476971734225,
      0.7527874908761494,
      0.7358337795033768,
      0.7426843579528479
    ],
    [
      0.7621370637454457,
      0.7879020386151,
      0.7964922219891887,
      0.7608066982576122,
      0.7512077038765774,
      0.7592748292272997,
      0.7397459174923856,
      0.7785635067634478
    ],
    [
      0.7448580879391891,
      0.7517478121017902,
      0.7274061141304174,
      0.7830663652004094,
      0.7759444263899737,
      0.7843943922771247,
      0.7558726814584779,
      0.7495719590339897
    ],
    [
      0.7355262167222251,
      0.750231235363392,
      0.7344409576601316,
      0.8076945952804776,
      0.7298323530851526,
      0.7593383039435563,
      0.8103146128842194,
      0.7413597819287329
    ],
    [
      0.782497242057358,
      0.7872971690634394,
      0.7800243578463563,
      0.7667448225965292,
      0.7492372346674934,
      0.7506717278379292,
      0.7270964564290339,
      0.726937806688616
    ],
    [
      0.7386200671878063,
      0.757791520217995,
      0.7797044185606394,
      0.7237302122794526,
      0.742053112419761,
      0.7538415671281887,
      0.7807443876648016,
      0.7616793483680793
    ],
    [
      0.7449066792242496,
      0.7442804389479405,
      0.7398540321583187,
      0.7188376535815366,
      0.7392573254796522,
      0.7557711462778663,
      0.7647365643084186,
      0.7305193353444258
    ],
    [
      0.7562871807430113,
      0.7430602855075573,
      0.7694125446132599,
      0.7724540025337225,
      0.7778695532565784,
      0.7808241194725835,
      0.7295191850111234,
      0.7524891489916873
    ],
    [
      0.7334755248968812,
      0.7676407760144679,
      0.7741889862190746,
      0.7718816662493299,
      0.7715448209719052,
      0.7687154844450238,
      0.7338581636947414,
      0.7499752679243924
    ]
  ],
  "r2_matrix": [
    [
      0.9833818826315904,
      0.9873722863521314,
      0.9833252360044054,
      0.9857241844648515,
      0.985407643511392,
      0.9825284725396646,
      0.9845730719734876,
      0.9824954018199186
    ],
    [
      0.9871044674624878,
      0.9806293348082261,
      0.9829065183490789,
      0.9877554078947384,
      0.9880625481807306,
      0.9875745220287557,
      0.988691338478894,
      0.9852381871862419
    ],
    [
      0.9814162206668591,
      0.9852885238380223,
      0.9815076156374826,
      0.9870864697708666,
      0.983222840956547,
      0.9891318555942799,
      0.985260291400293,
      0.9845983969270333
    ],
    [
      0.9888329678426818,
      0.9813949800298651,
      0.9892258932281337,
      0.9814953368012,
      0.9910434087138253,
      0.9814922899818376,
      0.9829391925087182,
      0.9840371849791438
    ],
    [
      0.9814743091424304,
      0.9851891812967897,
      0.9814766501692515,
      0.9894239087195513,
      0.9825644546145994,
      0.9854632524370744,
      0.9822845339269598,
      0.982987707133729
    ],
    [
      0.9865376885331709,
      0.9867309412671889,
      0.9824319345760519,
      0.9869149314035988,
      0.9795831884120356,
      0.9907333811284594,
      0.9738546899783261,
      0.9783739578435492
    ],
    [
      0.9854854082470005,
      0.9887967607054302,
      0.9913357062586896,
      0.9847680271212452,
      0.9933390851869092,
      0.9870032783749626,
      0.98374534107329,
      0.9759247738725854
    ],
    [
      0.983107301660451,
      0.9843058593348069,
      0.9903896356453183,
      0.9827027160152279,
      0.9790395006480171,
      0.9865079282866984,
      0.9825510609730284,
      0.9807662383939311
    ],
    [
      0.9783267270383229,
      0.9828936978527412,
      0.9886430141314158,
      0.9891046024303363,
      0.9771759908970473,
      0.9904708701900017,
      0.9835943852934592,
      0.9858449595085471
    ],
    [
      0.9846949063202687,
      0.9914908282368292,
      0.9812196028421735,
      0.9792161289421317,
      0.989246262693765,
      0.9786592863518,
      0.960811316844447,
      0.9917849465300692
    ],
    [
      0.9836495921530137,
      0.9882008044955353,
      0.9839870880548162,
      0.9812037004425882,
      0.9885459296492869,
      0.9697510797250257,
      0.9754978426714968,
      0.9859181503331989
    ],
    [
      0.9747456621652499,
      0.987820066123344,
      0.9891443743763394,
      0.9677564158180697,
      0.9823258489511612,
      0.9753133628074764,
      0.983170131443609,
      0.9876038569339498
    ],
    [
      0.9773235929613506,
      0.9658433572143877,
      0.9926659512947058,
      0.9790962717090266,
      0.9775019368395595,
      0.9872230128463472,
      0.9912796822859836,
      0.9849898065225227
    ],
    [
      0.9846758517531594,
      0.9866956300590964,
      0.9866262831531937,
      0.9821386537429958,
      0.9722813362777365,
      0.98441619727783,
      0.9917183499494335,
      0.9888404085926427
    ],
    [
      0.9846927557527363,
      0.9841054604577277,
      0.9824974043318593,
      0.9817447803138643,
      0.9754213132929171,
      0.9880974196809147,
      0.9812339535869733,
      0.9889933877543383
    ],
    [
      0.9768602510928369,
      0.9813833126011607,
      0.9882973919216269,
      0.9782631451479746,
      0.9676742814661585,
      0.9901846444173862,
      0.977683098902505,
      0.9916963525756928
    ]
  ],
  "summary": {
    "gamma_mean": 0.7575224192164092,
    "gamma_std": 0.01695771074339707,
    "gamma_min": 0.7188376535815366,
    "gamma_max": 0.8103146128842194,
    "gamma_range": 0.09147695930268274,
    "gamma_global_fit": 0.7572335446562629,
    "r2_global": 0.9854988884554713,
    "gamma_mixture_pred": 0.7575224192164092
  },
  "outlier_heads_high": [
    [
      8,
      2,
      0.7964922219891887
    ],
    [
      10,
      3,
      0.8076945952804776
    ],
    [
      10,
      6,
      0.8103146128842194
    ]
  ],