{
  "model": "EleutherAI/pythia-1b",
  "revision": "step1000",
  "n_prompts": 50,
  "seeds": [
    42
  ],
  "distances": [
    10,
    20,
    30,
    50,
    100,
    200,
    500,
    1000
  ],
  "fit_distances": [
    30,
    50,
    100,
    200,
    500,
    1000
  ],
  "n_layers": 16,
  "n_heads": 8,
  "d_head": 256,
  "gamma_matrix": [
    [
      0.7474749453476273,
      0.7076428704726426,
      0.6871219396321527,
      0.7490695330948428,
      0.684601950446864,
      0.7015262012761737,
      0.7184982133783883,
      0.6690929401114878
    ],
    [
      1.521125654254541,
      1.759716381538414,
      1.6280291298478036,
      0.93644910864332,
      1.0015535907560658,
      1.6174405174567579,
      0.9856246273781603,
      0.8050533637721918
    ],
    [
      1.1757348824182559,
      1.2288077666563781,
      1.3159811831241988,
      1.0328736853350704,
      1.310618313456728,
      1.2218838918237707,
      0.6554095902426164,
      0.8282597726097678
    ],
    [
      0.9737991680477757,
      1.3880654791375202,
      0.6236091522919587,
      1.016263715906122,
      1.1332721000733452,
      -0.08560769769077914,
      0.5848153877522656,
      0.4636089552539435
    ],
    [
      0.9671704731293895,
      0.8302534222931083,
      0.7918803618680683,
      0.7822351977436505,
      0.6888944576357565,
      0.8150802656111888,
      0.9163767970622911,
      1.0824760108266918
    ],
    [
      1.134245670938439,
      0.6653615885795942,
      0.9906628389343443,
      0.8152998023427439,
      0.8238750096153729,
      0.6258611119619033,
      0.8305687569760293,
      0.5628854862100067
    ],
    [
      0.9920962352259711,
      1.0428085723108798,
      0.5701768277546173,
      0.2513041553673345,
      1.1624339374659118,
      0.9390940810644984,
      0.8226135834898253,
      0.38137388820226426
    ],
    [
      0.7542104849806089,
      0.7076466172995699,
      1.0470537444140737,
      0.714369392420496,
      1.2254261592493527,
      0.8336264910480928,
      0.7527012279660302,
      0.6594684594156787
    ],
    [
      0.8861205375757562,
      0.8250538723835337,
      0.7611717253332991,
      1.2739474087412923,
      0.9744344731589275,
      1.2264027897171956,
      0.9776580389766069,
      0.7154948697268448
    ],
    [
      1.0155461196415891,
      0.8703144975213101,
      0.9056973650695705,
      0.8749606483198274,
      1.07397649505365,
      1.165548026600471,
      1.0385512119822884,
      1.0860786265398257
    ],
    [
      1.1986314260762503,
      0.6683963025935327,
      0.4974806716637873,
      0.7038672034211542,
      0.7157317394698484,
      0.8750313135780138,
      0.7669087328719677,
      0.3479339040115841
    ],
    [
      0.6257615455597231,
      1.3974240907386082,
      0.8628967924798653,
      0.5743068409037255,
      1.0160967977251534,
      0.9766208827581453,
      1.3715946912797294,
      0.9803253384217062
    ],
    [
      1.0463684440018695,
      0.5423954452324053,
      1.181769599747747,
      0.8536989086433809,
      0.7608983986791136,
      0.5183642730190442,
      0.8727057802189325,
      1.0005077271421385
    ],
    [
      1.2668014447397238,
      0.7282809721557406,
      1.0283075326991669,
      1.7066665897429985,
      0.886416508435132,
      0.543697581900586,
      1.038703050419045,
      1.4394275874995932
    ],
    [
      0.672361675102875,
      0.8833417261252203,
      1.009224023791815,
      0.5596909871038663,
      1.1070957175458016,
      0.9397044661369496,
      1.0344748571304403,
      0.9586164378402141
    ],
    [
      0.8839826515181091,
      0.9162262791405725,
      0.6859186854822975,
      0.9172164973153478,
      0.9145036526072132,
      0.721303171881944,
      1.1535058680151822,
      0.6702854923980779
    ]
  ],
  "r2_matrix": [
    [
      0.9866310118853248,
      0.9797838488030155,
      0.9715892288803827,
      0.9892560384769403,
      0.9746745356436342,
      0.9820807996426291,
      0.9756280348072407,
      0.9830602714633346
    ],
    [
      0.8214607277147027,
      0.9938733639195214,
      0.9106488047896941,
      0.5462687687873707,
      0.5571814851744886,
      0.9503459521049591,
      0.6893344804831492,
      0.9634459702531498
    ],
    [
      0.9023735536453941,
      0.835200225048234,
      0.9535057863961133,
      0.6171560551441133,
      0.9226593905603337,
      0.651038763499762,
      0.890045881275316,
      0.8886755524980502
    ],
    [
      0.8986883678307788,
      0.9421512131183333,
      0.7532160924090793,
      0.8044242614720855,
      0.8842210750781652,
      0.000997556766740404,
      0.3533795792370219,
      0.26086131577588834
    ],
    [
      0.9190286869824749,
      0.6689182855553304,
      0.9601957117431345,
      0.9688681659079926,
      0.7121522589881895,
      0.7886010237700112,
      0.9315615749199845,
      0.8666002022646729
    ],
    [
      0.8376280597997825,
      0.9600993465922204,
      0.9728400858366627,
      0.9072568325869359,
      0.9271709571957025,
      0.9729319368506172,
      0.5052146676445639,
      0.5211388318531307
    ],
    [
      0.987125631084528,
      0.9254818214849642,
      0.9309753954556876,
      0.02510703622052768,
      0.9770855261475591,
      0.9560055468861444,
      0.8788358263414506,
      0.42459782309941074
    ],
    [
      0.9784242474156188,
      0.9284115644759047,
      0.8281244148605709,
      0.8128816533228116,
      0.9099889801049095,
      0.9458226664528946,
      0.9264679141316254,
      0.9899492596071354
    ],
    [
      0.9786259456592116,
      0.9732834746303157,
      0.9764541957980446,
      0.9772885957621174,
      0.9534883138928151,
      0.9799308123865492,
      0.986873124628002,
      0.9219352336904811
    ],
    [
      0.9778633460410013,
      0.9299085542634604,
      0.9869319783384769,
      0.9646781626357724,
      0.9604297968724468,
      0.9513186509601176,
      0.975736699946382,
      0.9645565572148603
    ],
    [
      0.9204190464913323,
      0.8843334456273041,
      0.9330960851137274,
      0.9749065453140084,
      0.9042031012241001,
      0.9643522786516536,
      0.9217621084753951,
      0.9150280040897949
    ],
    [
      0.9256553239054037,
      0.9235414268486208,
      0.9068119868866527,
      0.787512795028121,
      0.8673720173789087,
      0.9623968357356842,
      0.9173204484849912,
      0.887491729254262
    ],
    [
      0.9000886799808188,
      0.8461523492530423,
      0.9283585433042723,
      0.9168296914587208,
      0.9846562520318137,
      0.7001685008143186,
      0.9810024155932173,
      0.6651312465479033
    ],
    [
      0.8675451835357733,
      0.8791535995901274,
      0.9675361485552776,
      0.9398247575782189,
      0.7612186096029059,
      0.9209731190297524,
      0.9518753987238884,
      0.9856455672202176
    ],
    [
      0.9157976943454142,
      0.8060663172068732,
      0.9223583009533804,
      0.5522131531379846,
      0.9171847060166813,
      0.7699492753791461,
      0.977888234451399,
      0.8719206165769973
    ],
    [
      0.7505022345305103,
      0.7292790488024073,
      0.7466804184870228,
      0.9716595221589694,
      0.9468524602158583,
      0.8052710205303817,
      0.9724337987834469,
      0.6037658330246016
    ]
  ],
  "summary": {
    "revision": "step1000",
    "n_layers": 16,
    "n_heads": 8,
    "d_head": 256,
    "gamma_global_fit": 0.8240794658671543,
    "r2_global": 0.9968657976189282,
    "mean_field": 0.9035888627856054,
    "std_field": 0.28631254979504756,
    "min_field": -0.08560769769077914,
    "max_field": 1.759716381538414,
    "nan_pct": 0.0
  }
}