{
  "model": "EleutherAI/pythia-1b",
  "revision": "step143000",
  "n_prompts": 50,
  "seeds": [
    42
  ],
  "distances": [
    10,
    20,
    30,
    50,
    100,
    200,
    500,
    1000
  ],
  "fit_distances": [
    30,
    50,
    100,
    200,
    500,
    1000
  ],
  "n_layers": 16,
  "n_heads": 8,
  "d_head": 256,
  "gamma_matrix": [
    [
      0.5348250828151762,
      1.0708883299449137,
      1.1351061870892565,
      1.333063504740924,
      2.0190859582035166,
      1.5349585009519817,
      1.084268146778366,
      1.0233469341677854
    ],
    [
      0.35381889213368833,
      1.7929090506060983,
      0.8160315992129422,
      2.748107361800009,
      2.550524160392296,
      0.9111529115248692,
      1.4313873882784063,
      1.0379184402872101
    ],
    [
      0.9540367092905566,
      1.7020735955509516,
      0.8505692493490865,
      1.2388148993302095,
      0.9552654112460723,
      0.5570576905792871,
      0.7929718504101192,
      1.1157689241588127
    ],
    [
      1.5014040799356778,
      0.9184847619884634,
      1.1023855603906432,
      0.7257810824814084,
      0.6418632659117768,
      NaN,
      0.7985179135086734,
      0.7534785368050252
    ],
    [
      1.0644024740645308,
      1.7328491050924444,
      0.9896295837487361,
      0.619321636623625,
      0.8221127844471003,
      0.8152709459345252,
      0.9356883316813936,
      1.1332700316131126
    ],
    [
      0.8999169342581408,
      0.9597170076873092,
      0.7725655869001233,
      1.8846238421230292,
      0.9259598018835534,
      1.1650965009982914,
      0.942249439023053,
      0.9631569778446742
    ],
    [
      2.256247329968088,
      0.9542297077506069,
      1.1940011606151777,
      2.366130658465308,
      1.5668738503871489,
      2.0806293116304935,
      1.3385743764937061,
      1.0507013566304044
    ],
    [
      0.8485568330418788,
      0.48418423554237255,
      0.9842425303699778,
      1.9799226739420959,
      1.4532452932045372,
      3.1438843082858616,
      2.6464447525959134,
      2.0088629152001993
    ],
    [
      1.1664812500258785,
      1.3045501558719128,
      1.2959658455925114,
      1.853019721821141,
      2.148988884756393,
      1.479962839917099,
      1.4194337066014913,
      2.2222529646047535
    ],
    [
      1.1896787511561153,
      0.8303104193296372,
      2.023675754563125,
      1.599691980500783,
      1.066596307038827,
      1.022856981493219,
      2.122706184306042,
      1.0787746005452101
    ],
    [
      0.8941125649775106,
      3.2095074225052698,
      1.7023457370396058,
      1.7588648581708541,
      1.7541092609780147,
      0.4780410549748475,
      0.7843815783385546,
      1.7036940354082992
    ],
    [
      1.367339257492829,
      0.9601104984473551,
      0.8061088815604571,
      1.2129464803563186,
      1.068973100107751,
      0.7353315494186785,
      0.6442685493610625,
      0.6792260464031177
    ],
    [
      0.8193673669257183,
      1.8209526538547829,
      0.5647618492986348,
      0.6152328357317526,
      1.7339633784302997,
      1.4383928964220347,
      0.808778116009844,
      0.6077496843245813
    ],
    [
      2.2424870151529035,
      1.27420928305258,
      0.4066955061743055,
      0.8959204184726722,
      1.8420104966274762,
      1.2353172992401946,
      0.8621891076416586,
      0.9091017657179136
    ],
    [
      2.075814180049273,
      1.0286384840569873,
      1.454968838416083,
      1.4972259647093835,
      1.2574389856370305,
      1.7338916064388294,
      0.6521269922777942,
      1.6556592562383956
    ],
    [
      1.9158822833813258,
      1.2575540501190015,
      1.6001069537742196,
      0.7865672910896816,
      0.9229646944489904,
      1.6337476108329196,
      0.8165907789130951,
      1.854218479784366
    ]
  ],
  "r2_matrix": [
    [
      0.5928742969983124,
      0.9584793442994842,
      0.9384016944734495,
      0.9974322519635989,
      0.9875272215715672,
      0.9888470244592322,
      0.943917303244883,
      0.8159323359610828
    ],
    [
      0.05436009581194701,
      0.9619222201447383,
      0.9644421511986804,
      0.6626673890894916,
      0.8148735056384022,
      0.9350486928177316,
      0.9044814119860172,
      0.8654267494411896
    ],
    [
      0.7973684570336931,
      0.9026598368683403,
      0.5342340349984429,
      0.7672881865822335,
      0.9826248681630032,
      0.26036325208011024,
      0.8752224160213037,
      0.9674313167189573
    ],
    [
      0.9075180771115435,
      0.9652159987982525,
      0.8351207109504383,
      0.6873181631035861,
      0.8721537594189905,
      0.0,
      0.4680189702850234,
      0.5888417731524351
    ],
    [
      0.9344871471712058,
      0.8804820919492488,
      0.9427487844893188,
      0.7247634323799296,
      0.8661768885880918,
      0.8573076309676851,
      0.9290719775440135,
      0.571809509790933
    ],
    [
      0.8339727665065068,
      0.7489969999422101,
      0.9457260944470675,
      0.8454246711144584,
      0.9721405667905401,
      0.4170992611745872,
      0.975016555076026,
      0.8256363928380357
    ],
    [
      0.7432816832921514,
      0.9422789874952483,
      0.97721664559652,
      0.9682848066709983,
      0.9713783772225681,
      0.8077184469174168,
      0.9168353160029549,
      0.9820021843878165
    ],
    [
      0.8889717492206707,
      0.8649136133907973,
      0.899470813851722,
      0.5303225033293408,
      0.9574297543736562,
      0.7820242115664505,
      0.7738464808224101,
      0.9611740803961277
    ],
    [
      0.9510798238023935,
      0.99062178785739,
      0.9940700042301376,
      0.9822923352703082,
      0.944053187491981,
      0.9750344051063757,
      0.9707640298239228,
      0.9703723198858605
    ],
    [
      0.9488123102914493,
      0.8619942034875138,
      0.9106530799401847,
      0.9937279545236388,
      0.9490330597397798,
      0.963993765678679,
      0.9437847829274031,
      0.9710085122500995
    ],
    [
      0.9506557471961338,
      0.7227599790678276,
      0.8914803055340264,
      0.8723189446447223,
      0.8406435473463627,
      0.9114283791627503,
      0.8927261064127268,
      0.9605606637447013
    ],
    [
      0.9769066750568655,
      0.9742366865731867,
      0.8682204642392837,
      0.989956106975503,
      0.9079453115977479,
      0.8734185372245925,
      0.7693763612351503,
      0.952684002853343
    ],
    [
      0.9412656116250243,
      0.955278295855092,
      0.9464493505012834,
      0.7942110298138293,
      0.978960937743435,
      0.8485226540572326,
      0.7840293979989684,
      0.7413143293842829
    ],
    [
      0.9121068568451776,
      0.8407487680405703,
      0.7874668915942769,
      0.9722283773439274,
      0.9306798473105112,
      0.9066956171265006,
      0.8960513205663071,
      0.8406938451221662
    ],
    [
      0.847080919198389,
      0.8992786605785619,
      0.9386273141282551,
      0.9707871088215639,
      0.9809804743866585,
      0.8805491871728743,
      0.9437735255902724,
      0.9667172773765855
    ],
    [
      0.9469820480258867,
      0.9500289075974633,
      0.9699905847417404,
      0.8466547099208634,
      0.9217229687788151,
      0.9451127850024401,
      0.8518434603930631,
      0.9236951387165351
    ]
  ],
  "summary": {
    "revision": "step143000",
    "n_layers": 16,
    "n_heads": 8,
    "d_head": 256,
    "gamma_global_fit": 0.9847988928878217,
    "r2_global": 0.9917497270124693,
    "mean_field": 1.2816792252348113,
    "std_field": 0.5683879149031182,
    "min_field": 0.35381889213368833,
    "max_field": 3.2095074225052698,
    "nan_pct": 0.78125
  }
}