{
  "model": "EleutherAI/pythia-1b",
  "revision": "step1",
  "n_prompts": 50,
  "seeds": [
    42
  ],
  "distances": [
    10,
    20,
    30,
    50,
    100,
    200,
    500,
    1000
  ],
  "fit_distances": [
    30,
    50,
    100,
    200,
    500,
    1000
  ],
  "n_layers": 16,
  "n_heads": 8,
  "d_head": 256,
  "gamma_matrix": [
    [
      0.7356676138200544,
      0.7182849005168019,
      0.6990462202864575,
      0.7369992606389184,
      0.6958450690107368,
      0.7073459260273769,
      0.718644619648709,
      0.6824232686131939
    ],
    [
      0.7298819257885184,
      0.7170127136836519,
      0.6893725319833389,
      0.7194620911618821,
      0.7153753009385392,
      0.7209508307783485,
      0.7041711942997437,
      0.6990811221852565
    ],
    [
      0.7156256852754442,
      0.7010476350360824,
      0.71152325029764,
      0.676822172392102,
      0.7175463136227956,
      0.7390414903751871,
      0.7211225078073868,
      0.6776404700687246
    ],
    [
      0.7410063333220231,
      0.7033569574560432,
      0.6693010401186135,
      0.6944838474776446,
      0.7028835813488803,
      0.7225379543097976,
      0.7209522127695565,
      0.6971499424028684
    ],
    [
      0.7268000878131934,
      0.74562542192594,
      0.7528204573850166,
      0.7319337095755288,
      0.7141514549623373,
      0.7009979839014421,
      0.695416924587426,
      0.6975987997659567
    ],
    [
      0.6760121559339306,
      0.7467906423085787,
      0.718191605825076,
      0.6992240817778507,
      0.7342090604555283,
      0.7280150486598401,
      0.6901259734191653,
      0.6814599411115455
    ],
    [
      0.6831790884258581,
      0.7302678148679861,
      0.6934919280925809,
      0.7724441666908572,
      0.7438075347062876,
      0.6711560675686535,
      0.736935267342129,
      0.6771376546722496
    ],
    [
      0.7462288756873612,
      0.686933394957827,
      0.739389004170183,
      0.7104730029713693,
      0.7515687677123575,
      0.7364797108318091,
      0.6856527958070746,
      0.7007133471310074
    ],
    [
      0.7234981609560177,
      0.7308834519327602,
      0.7672718692278154,
      0.7496461310690031,
      0.6807121650506858,
      0.718641555968225,
      0.7038362979209434,
      0.7439016473202699
    ],
    [
      0.6824831089712017,
      0.7118667837864332,
      0.6967468023794117,
      0.7212776662607161,
      0.7413264197612156,
      0.7236325188839005,
      0.6996441038027502,
      0.7311694548099028
    ],
    [
      0.707969527756881,
      0.7024335366603164,
      0.6919358350213618,
      0.7342538362596267,
      0.6939998635717188,
      0.6750752817998632,
      0.7665057024908206,
      0.6898203469682673
    ],
    [
      0.7435240725264246,
      0.7411163565651523,
      0.764308322545504,
      0.6883835649735719,
      0.722119586968884,
      0.68383803597046,
      0.6751860721128998,
      0.6792225563443134
    ],
    [
      0.6817792929124327,
      0.6697522921503578,
      0.7523797546111614,
      0.6677491697781692,
      0.7067880826713638,
      0.7312947821201873,
      0.7314750337316769,
      0.733630694080852
    ],
    [
      0.7253235244360413,
      0.7170060435886494,
      0.706345653511234,
      0.6454507235246979,
      0.6958128715619507,
      0.7086929802486966,
      0.71787163558571,
      0.6979135847469947
    ],
    [
      0.7554098867163326,
      0.7228496694237304,
      0.73974417456992,
      0.729629349305403,
      0.7301664717175057,
      0.7198138800337706,
      0.6828213135515191,
      0.7222827840224174
    ],
    [
      0.6727499553879852,
      0.7176044010691268,
      0.7031443334815181,
      0.697241091773457,
      0.7279841039393287,
      0.7055170529064014,
      0.6592013264174249,
      0.7014246698969664
    ]
  ],
  "r2_matrix": [
    [
      0.9784624687760999,
      0.9817416670770044,
      0.9771947436620835,
      0.9813317183837769,
      0.9784340790365712,
      0.9825148443276847,
      0.9793871095080977,
      0.9835214722240662
    ],
    [
      0.977881212134942,
      0.98494401476165,
      0.984964024082039,
      0.9835009284111523,
      0.9784487901654733,
      0.9710984282464503,
      0.9895027351419875,
      0.9736840257827989
    ],
    [
      0.9888401076096748,
      0.963415627793645,
      0.9874879303703267,
      0.9910705026016505,
      0.9825870096025082,
      0.9895789092975801,
      0.9849372102107149,
      0.9769804492745293
    ],
    [
      0.988385545815911,
      0.9829741078398535,
      0.9787586782142531,
      0.9807184437170954,
      0.9911232389036609,
      0.9819909167368273,
      0.9795908541676924,
      0.9923509837403547
    ],
    [
      0.9762618948148659,
      0.982779731687491,
      0.9797490822207022,
      0.9747640242454938,
      0.9871608147792861,
      0.9774787605056502,
      0.9796010061442235,
      0.9786457563466086
    ],
    [
      0.9835725225648696,
      0.9712907119337534,
      0.9766507088762997,
      0.9910316788807593,
      0.9705080535523912,
      0.9960960370857843,
      0.9681214748927521,
      0.966907026374558
    ],
    [
      0.9772119664629153,
      0.9810386383841081,
      0.9902986804246974,
      0.9739081529848173,
      0.9911039870898136,
      0.9782647137596343,
      0.9735106485509043,
      0.9693362131396154
    ],
    [
      0.978515263862252,
      0.9898108653349923,
      0.9809501573493987,
      0.9756255361113609,
      0.9675113218312126,
      0.9834683275390015,
      0.9856055871006921,
      0.9721297138258252
    ],
    [
      0.9770830394287178,
      0.9769243678800427,
      0.9796963819470681,
      0.9896313632805033,
      0.9714431172170667,
      0.9885782950152993,
      0.9845316887385651,
      0.985567322452426
    ],
    [
      0.9713554189117333,
      0.9918177118628575,
      0.9789169231104208,
      0.9719268877359998,
      0.9886337595120389,
      0.976531816049118,
      0.9423411420456581,
      0.9910388080445414
    ],
    [
      0.9749868961703887,
      0.9854786475713643,
      0.9878455989375072,
      0.9718623777480544,
      0.9810366105200087,
      0.9598192919138984,
      0.9532783027867647,
      0.9773618065393721
    ],
    [
      0.9693948879600245,
      0.9855011669922573,
      0.9872370716427206,
      0.9762511072330312,
      0.967196795519408,
      0.9642141586194029,
      0.9740293111442169,
      0.977176843910043
    ],
    [
      0.9750813750570323,
      0.9536040034222635,
      0.9879043626454804,
      0.9681328432732553,
      0.9794329460300671,
      0.9854346327235949,
      0.994712954623444,
      0.9794835313428276
    ],
    [
      0.9677194590497683,
      0.9749129545248865,
      0.9913463432694439,
      0.987052535846629,
      0.9465304874364078,
      0.976348074259176,
      0.9896914667859188,
      0.9816477660225873
    ],
    [
      0.9691491141897768,
      0.973384772913421,
      0.9875631651058792,
      0.982155607362909,
      0.982704970392314,
      0.9876702272188782,
      0.9825110301684823,
      0.9848528647381749
    ],
    [
      0.9754513865482073,
      0.9781220915519563,
      0.9894749413017307,
      0.9880802833962061,
      0.952099405038532,
      0.9939917444530383,
      0.9716916055801376,
      0.9900449592583987
    ]
  ],
  "summary": {
    "revision": "step1",
    "n_layers": 16,
    "n_heads": 8,
    "d_head": 256,
    "gamma_global_fit": 0.7119770200889792,
    "r2_global": 0.9833260935732103,
    "mean_field": 0.7122649919891919,
    "std_field": 0.02522550272222904,
    "min_field": 0.6454507235246979,
    "max_field": 0.7724441666908572,
    "nan_pct": 0.0
  }
}