{
  "model": "EleutherAI/pythia-1b",
  "revision": "step10000",
  "n_prompts": 50,
  "seeds": [
    42
  ],
  "distances": [
    10,
    20,
    30,
    50,
    100,
    200,
    500,
    1000
  ],
  "fit_distances": [
    30,
    50,
    100,
    200,
    500,
    1000
  ],
  "n_layers": 16,
  "n_heads": 8,
  "d_head": 256,
  "gamma_matrix": [
    [
      1.0535772521023106,
      1.0667751051504801,
      1.0291188716063664,
      1.2367512866947261,
      2.447694729870426,
      1.3395037955773723,
      0.8702683440402289,
      1.2197279834611434
    ],
    [
      1.0922444667775442,
      2.2553909279157973,
      0.918754409573853,
      2.2700279759540942,
      1.1729283521316936,
      1.4193982123385158,
      1.8802988283146638,
      1.3488556269059855
    ],
    [
      0.649559196109082,
      2.1531120393679006,
      1.2412976283730237,
      2.2543678916953276,
      0.7154205957903726,
      0.745880520690942,
      0.6628058496237015,
      1.2509138972761809
    ],
    [
      1.1761205272949076,
      1.063119634376629,
      1.0697273079607132,
      0.6107809099107054,
      0.7012650763338552,
      NaN,
      0.5575464276786057,
      0.43970665949815624
    ],
    [
      0.8700522405070729,
      1.0628096690400717,
      0.9321155308710658,
      0.5191210759441597,
      0.8077365017752346,
      1.1184292911192049,
      1.1016719342185608,
      0.9400695977917387
    ],
    [
      0.9986212721456817,
      1.0970056113239248,
      1.1210117979167307,
      0.7490672558415046,
      1.0182103557228188,
      0.6972640897839555,
      1.0755899379969651,
      0.9528739443597152
    ],
    [
      0.833171899249037,
      0.7942984569549497,
      1.1231746156882585,
      -0.7479043308781903,
      1.1217480808392157,
      0.9722104872283797,
      1.1221798673662944,
      0.9392423958508276
    ],
    [
      1.0885889170529421,
      0.6889448531461106,
      1.0031141496435045,
      0.9451067702906971,
      2.266895115025411,
      0.723250653817733,
      1.0219227371317319,
      1.2339567378114487
    ],
    [
      1.199639245719769,
      1.1406884485897142,
      1.150414048391019,
      1.1706652351835758,
      1.1687680330871104,
      1.1064643863988421,
      1.008603862089979,
      1.0975711409748579
    ],
    [
      1.2865987595668549,
      0.9246923905276073,
      0.9906634124668907,
      1.233103661403579,
      0.8745311659681032,
      1.0581711391679973,
      1.2434647005366932,
      1.246421859106398
    ],
    [
      1.1360120764420685,
      1.0940906700000348,
      0.8083579625616636,
      0.8989222144113239,
      1.1217011516212447,
      0.9877786037647414,
      0.996162303066949,
      1.2336920843043948
    ],
    [
      0.9782028087678925,
      1.206437209902894,
      1.1632016790501154,
      0.9897344998878649,
      1.3184890609187423,
      1.2508834774518482,
      1.006931102054948,
      1.105259874769035
    ],
    [
      0.9635354002596613,
      1.0070007285186653,
      0.9515751123120041,
      1.1693805196541263,
      0.9291341241845463,
      1.0510261734630042,
      0.9815775512082217,
      0.9349935563220736
    ],
    [
      0.8873955157493836,
      1.198171648565688,
      1.0534077467848146,
      1.238867276582948,
      1.6161165498182788,
      1.18426322228356,
      1.050557485705403,
      0.8658316438738116
    ],
    [
      1.0570393100234596,
      1.3038544301257322,
      1.333967738298699,
      1.2597450541814499,
      1.0610159123183274,
      1.5543155977128775,
      0.7502580509760394,
      0.9614784754947194
    ],
    [
      1.3046327635940413,
      1.0225694926978455,
      1.1295109616192036,
      0.7604500729330591,
      0.8884892652100222,
      1.076654611508071,
      1.2024148640707282,
      1.340502003696035
    ]
  ],
  "r2_matrix": [
    [
      0.8514849180921892,
      0.9905188293242001,
      0.8853550311095972,
      0.9269927235532658,
      0.9819946318039631,
      0.8976743402670575,
      0.9942936942918628,
      0.9139327939454028
    ],
    [
      0.5860883853976433,
      0.9246142009820438,
      0.9390663206962278,
      0.9195571113909501,
      0.681798861520587,
      0.909294878039529,
      0.8596910804172541,
      0.796812281366871
    ],
    [
      0.8799826135306359,
      0.8033809669201035,
      0.9544858416907436,
      0.9150131785556282,
      0.920845154916575,
      0.35867293768626163,
      0.5600774025753918,
      0.9730447748146022
    ],
    [
      0.8749970957098336,
      0.9866326514115943,
      0.8448887402733511,
      0.49530346784598756,
      0.8283940687918264,
      0.0,
      0.39831389548908325,
      0.19453678347523284
    ],
    [
      0.9108097805114606,
      0.678765280758395,
      0.8981009443406506,
      0.5599710671970134,
      0.777894195109916,
      0.961553725778152,
      0.950003668264799,
      0.6053647096004884
    ],
    [
      0.9507827497583345,
      0.6241994775160207,
      0.952487761003313,
      0.47233833714985274,
      0.8961547115703407,
      0.48351583645110974,
      0.927483915374746,
      0.9318318217332562
    ],
    [
      0.3702309510867664,
      0.9242004640653692,
      0.9829793063778558,
      0.07920493433524156,
      0.7145742707044849,
      0.4756505612709486,
      0.9783385147639888,
      0.9428925300628247
    ],
    [
      0.9147870000399525,
      0.7801614172425089,
      0.8530626166175264,
      0.5989736753212794,
      0.9745950420279902,
      0.3251623489754678,
      0.6436861322175277,
      0.9581143308735225
    ],
    [
      0.9281700889780538,
      0.9002478598704864,
      0.980917608150777,
      0.9482530752070197,
      0.7007731729876526,
      0.9583623529843771,
      0.9792492255074159,
      0.7012609985938347
    ],
    [
      0.9758072320602469,
      0.8308943696052081,
      0.6593089640647748,
      0.9408946023914386,
      0.9468024644251991,
      0.7956725607979531,
      0.7352474681546759,
      0.9637012595911632
    ],
    [
      0.8794689723755134,
      0.3714864470910111,
      0.3377550613648672,
      0.4319672929288082,
      0.9818201152105746,
      0.9615467091957285,
      0.9751976719495707,
      0.8547324805597768
    ],
    [
      0.8723364703558087,
      0.9593315931488118,
      0.9453776965350914,
      0.8758571565283815,
      0.9581312173115494,
      0.9152180896465365,
      0.8396390059279064,
      0.8970439734974647
    ],
    [
      0.9110459421782374,
      0.4866398609493813,
      0.9469226489952136,
      0.8769263783957273,
      0.5091329809954213,
      0.47115023535690415,
      0.9648645206782465,
      0.8101374236755563
    ],
    [
      0.6299423225087375,
      0.6664321050634164,
      0.9470314752781752,
      0.9833428883241853,
      0.9581035269916682,
      0.7469996318245313,
      0.9785154823778377,
      0.9296501815454414
    ],
    [
      0.8801697795413489,
      0.9124198759120065,
      0.98883793696114,
      0.9110561915154227,
      0.9324428437485205,
      0.9180295523598224,
      0.9305383642629217,
      0.8392649311446998
    ],
    [
      0.9007051174953675,
      0.9488851798102503,
      0.9228289064200071,
      0.8107782783350264,
      0.9164164732474314,
      0.853578943972904,
      0.9895588799395267,
      0.878827130800122
    ]
  ],
  "summary": {
    "revision": "step10000",
    "n_layers": 16,
    "n_heads": 8,
    "d_head": 256,
    "gamma_global_fit": 0.9948340866027164,
    "r2_global": 0.9815701512482831,
    "mean_field": 1.0896893147312858,
    "std_field": 0.373994827669732,
    "min_field": -0.7479043308781903,
    "max_field": 2.447694729870426,
    "nan_pct": 0.78125
  }
}