{
  "model": "pythia-70m",
  "gamma_pade": 0.7522013138014093,
  "taus": [
    0.3,
    0.5,
    0.7,
    0.9,
    1.0,
    1.3,
    1.5,
    2.0
  ],
  "distances": [
    10,
    20,
    50,
    100,
    200,
    500,
    1000,
    2000
  ],
  "sweep": {
    "0.3": {
      "gamma_obs": 0.6748597632499864,
      "r2": 0.9534977917256326,
      "means": [
        0.00877254337325408,
        0.0036872063916038576,
        0.0020279962992912773,
        0.0023177078417021516,
        0.001457432104809327,
        0.0005484562697666104,
        0.00023905000881688134,
        0.00023942190021981807
      ],
      "ratio_to_baseline": null
    },
    "0.5": {
      "gamma_obs": 0.7227366013549389,
      "r2": 0.9707959231559796,
      "means": [
        0.010344111954004297,
        0.00436339228456038,
        0.0023535067863501057,
        0.002657204855271781,
        0.0009774632758799996,
        0.0006294924672675095,
        0.0002551649518809429,
        0.00020861676636667388
      ],
      "ratio_to_baseline": null
    },
    "0.7": {
      "gamma_obs": 0.7576206546982505,
      "r2": 0.9896987380256582,
      "means": [
        0.010525427156891155,
        0.005505740524515406,
        0.0031730630406147813,
        0.0024117221681990487,
        0.0011422458647151262,
        0.0006639790516727672,
        0.0002784718984397077,
        0.00018243189808923096
      ],
      "ratio_to_baseline": null
    },
    "0.9": {
      "gamma_obs": 0.7486571872031924,
      "r2": 0.9890622233987988,
      "means": [
        0.010008190793450921,
        0.0063505818355932,
        0.0030566836857663783,
        0.0025352109068787995,
        0.0012943572933889096,
        0.0006878345474180809,
        0.00029268555346549066,
        0.00019452083441883083
      ],
      "ratio_to_baseline": null
    },
    "1.0": {
      "gamma_obs": 0.7493589625280966,
      "r2": 0.9868773001810779,
      "means": [
        0.009506619756575675,
        0.0067441158721016515,
        0.0033795992821170425,
        0.002487490379927395,
        0.0014098713588383464,
        0.0007273848762755126,
        0.0002981155557234969,
        0.00018959359564745014
      ],
      "ratio_to_baseline": null
    },
    "1.3": {
      "gamma_obs": 0.7266446718535118,
      "r2": 0.9817730246716646,
      "means": [
        0.009125704855088974,
        0.007557276725613823,
        0.003470481692218325,
        0.0025989928247225993,
        0.0016277744002258661,
        0.0008231677982621477,
        0.0003737761283648271,
        0.00019585618001340466
      ],
      "ratio_to_baseline": 0.9696883712474004
    },
    "1.5": {
      "gamma_obs": 0.7207624243380348,
      "r2": 0.9767137669640669,
      "means": [
        0.0086186606850889,
        0.008314684006230285,
        0.003497378026885498,
        0.0026497176544378618,
        0.0016313805506797505,
        0.0008687044893223275,
        0.00038870242459678497,
        0.00019992703013384821
      ],
      "ratio_to_baseline": 0.9618386652858781
    },
    "2.0": {
      "gamma_obs": 0.6825743976152973,
      "r2": 0.9646772943009717,
      "means": [
        0.007942009078235262,
        0.00830998922077318,
        0.004084856254566047,
        0.0028274619330962494,
        0.0018619736459287296,
        0.0010147130453131265,
        0.000489281154780959,
        0.00021840557575261404
      ],
      "ratio_to_baseline": 0.9108777391712382
    }
  },
  "power_law_fit": {
    "gamma_0": 0.7230796296447487,
    "beta": -0.008319412810300915,
    "r2": 0.014400344511653172
  }
}