{
  "model": "Qwen2.5-0.5B",
  "theta": 1000000,
  "d_head": 64,
  "n_layers": 24,
  "n_heads": 14,
  "k_dead_boundary": 15,
  "n_active_pairs": 15,
  "n_dead_pairs": 17,
  "band_energy": {
    "E_per_pair": [
      0.0006228263491721009,
      0.0006581460720553878,
      0.0007441935522365384,
      0.0007075510708697644,
      0.000850715034781994,
      0.0007798387478032964,
      0.0007825717954498638,
      0.0009575981093803421,
      0.0009257637793780304,
      0.0009461850683389154,
      0.0009778477457681827,
      0.0008932864851279495,
      0.0009010726880660513,
      0.0009688954760349588,
      0.0008734167919707639,
      0.0009190585327208586,
      0.0006425930632758536,
      0.000636881090940733,
      0.0007205005288900187,
      0.0007130687772587407,
      0.0007598505781061249,
      0.000745484830076748,
      0.0008069371275875407,
      0.0009048764283458391,
      0.0010603107657516375,
      0.000910289184806364,
      0.0008682869429321727,
      0.0008853495110088261,
      0.0008384072237580161,
      0.0008649438762707481,
      0.0008564445021571979,
      0.0008459685086563695
    ],
    "E_dead_mean": 0.0008393272510956092,
    "E_alive_mean": 0.0008223089101496347,
    "snr_alive_dead": 0.9797238301228948,
    "note": "dead=pairs 0..k_dead-1 (high RoPE freq, alias early); alive=k_dead..d_head/2-1"
  },
  "dft_spectrum": {
    "P_Q": [
      0.05392686050433233,
      0.04275337582278279,
      0.052210872168435354,
      0.04448190225423759,
      0.05107874275816009,
      0.0421583810034171,
      0.04566938271604249,
      0.0426609299368481,
      0.04277714973748345,
      0.04147912279820549,
      0.041502405993662825,
      0.0445493971498128,
      0.040659989558539875,
      0.04626013904028544,
      0.04074890569801804,
      0.04149000007555484,
      0.04250506155788236,
      0.04281022068852725,
      0.04292522748018274,
      0.04187017661215829,
      0.041858488587725784,
      0.04173824107984558,
      0.04601647191088969,
      0.043648312991056454,
      0.05540291113956351,
      0.04145733935105237,
      0.042030692080098145,
      0.04311199132199258,
      0.042230375728376214,
      0.041016050187394286,
      0.04947889424317772,
      0.04197657080358269,
      0.05006688499227044
    ],
    "P_K": [
      0.055416975888029955,
      0.058067145220669435,
      0.06079200076452135,
      0.06030478383187954,
      0.058407092990606625,
      0.0551126759298863,
      0.058929025686780205,
      0.05345633877069333,
      0.059196941845622936,
      0.06125295303210917,
      0.05985480993293645,
      0.05639578504436934,
      0.05919310854120657,
      0.059204639219456456,
      0.05874240477755665,
      0.05750115844886938,
      0.056292761925512115,
      0.06488959075593966,
      0.05688800554709863,
      0.05571441722889422,
      0.055463547135551905,
      0.06154035954584911,
      0.06331992972280132,
      0.060086857967912834,
      0.0610530548578209,
      0.05547771625963044,
      0.05626997809646089,
      0.052312561361001854,
      0.058333648018042215,
      0.06164757807328247,
      0.056571370304961656,
      0.06322563080383563,
      0.06430757083988659
    ],
    "frac_Q_alive": 0.5405299357128118,
    "frac_K_alive": 0.5482035174988065,
    "null_fraction": 0.5454545454545454
  },
  "elapsed_s": 5.4
}