{
  "base_model": "EleutherAI/pythia-1b",
  "ft_steps": 300,
  "lr": 5e-06,
  "lora_r": 8,
  "runs": [
    {
      "corpus": "code",
      "ft_info": {
        "final_loss": 1.5786903488636017,
        "loss_curve": [
          1.7335025072097778,
          1.9803385734558105,
          1.8001309633255005,
          1.3697925806045532,
          1.8405475616455078,
          1.8691179752349854,
          1.9074724912643433,
          1.0950721502304077,
          1.3699240684509277,
          1.8821594715118408,
          2.024385452270508,
          1.369756817817688,
          1.5220543146133423,
          1.5606002807617188,
          1.1731555461883545,
          1.7953110933303833,
          1.1576684713363647,
          1.5628548860549927,
          1.79978609085083,
          1.1730200052261353,
          1.8434703350067139,
          1.906765341758728,
          1.9397817850112915,
          2.116682291030884,
          1.7992839813232422,
          1.783668041229248,
          1.7211863994598389,
          1.5991277694702148,
          1.8962825536727905,
          1.886739730834961,
          1.5597577095031738,
          1.3437697887420654,
          1.9061907529830933,
          1.385431170463562,
          1.794171929359436,
          1.8398511409759521,
          1.436535358428955,
          1.4555039405822754,
          1.7916845083236694,
          1.4449630975723267,
          1.4364075660705566,
          1.2867382764816284,
          1.8858691453933716,
          1.1567102670669556,
          1.3646687269210815,
          1.8392001390457153,
          1.166734218597412,
          1.8420894145965576,
          1.4443013668060303,
          1.3643676042556763,
          1.8804774284362793,
          1.1719647645950317,
          1.6620793342590332,
          1.8799571990966797,
          1.6121231317520142,
          1.4746389389038086,
          1.6120548248291016,
          2.114345073699951,
          2.1678085327148438,
          1.4356815814971924,
          1.5612274408340454,
          1.3819233179092407,
          1.084471344947815,
          1.5582382678985596,
          1.9779322147369385,
          1.6614772081375122,
          1.1713000535964966,
          1.7821418046951294,
          2.2096822261810303,
          1.6235990524291992,
          1.7318174839019775,
          1.7059086561203003,
          1.6718889474868774,
          1.4544485807418823,
          1.8111674785614014,
          1.6879441738128662,
          1.7187929153442383,
          1.5970934629440308,
          1.4740554094314575,
          1.560376763343811,
          1.5200996398925781,
          1.9037580490112305,
          1.2383205890655518,
          2.2088112831115723,
          1.170607328414917,
          1.4736483097076416,
          1.9034537076950073,
          1.4536621570587158,
          1.8782600164413452,
          1.6605390310287476,
          1.8369134664535522,
          1.0837067365646362,
          1.7307415008544922,
          1.622525691986084,
          1.8105442523956299,
          1.2855429649353027,
          1.8101798295974731,
          1.6101410388946533,
          1.8399282693862915,
          1.5191009044647217,
          1.8363447189331055,
          1.8841501474380493,
          2.02142333984375,
          1.892640233039856,
          1.4732469320297241,
          2.1118950843811035,
          1.7300200462341309,
          1.2850699424743652,
          1.5565695762634277,
          1.3806089162826538,
          1.8665953874588013,
          1.2849946022033691,
          1.0831176042556763,
          1.6595441102981567,
          1.8353195190429688,
          1.7291887998580933,
          1.8830633163452148,
          1.7804332971572876,
          1.9013572931289673,
          2.0197598934173584,
          2.237935781478882,
          1.6216524839401245,
          1.2372723817825317,
          1.2370171546936035,
          1.65549898147583,
          1.9009029865264893,
          1.759272575378418,
          1.5586951971054077,
          1.4341216087341309,
          2.236729621887207,
          1.5316920280456543,
          1.8343524932861328,
          1.4723247289657593,
          1.838438630104065,
          1.6859309673309326,
          1.6692949533462524,
          1.5947413444519043,
          2.2358243465423584,
          1.8378887176513672,
          1.8894621133804321,
          1.7525148391723633,
          1.5308793783187866,
          1.668938159942627,
          1.8890196084976196,
          1.0820047855377197,
          1.1647138595581055,
          2.1648905277252197,
          1.0936449766159058,
          1.864848256111145,
          1.365576148033142,
          1.7790507078170776,
          1.5547784566879272,
          2.164261817932129,
          1.365126371383667,
          1.7893743515014648,
          1.1534713506698608,
          1.5186868906021118,
          1.7890501022338867,
          1.5297833681106567,
          1.8079732656478882,
          1.8989531993865967,
          1.093328833580017,
          1.9366437196731567,
          1.7519009113311768,
          1.1691677570343018,
          1.4420546293258667,
          1.6543174982070923,
          1.4518083333969116,
          1.9743648767471313,
          1.1636959314346313,
          1.726857304573059,
          1.2835420370101929,
          2.003051996231079,
          2.0175607204437256,
          1.1527361869812012,
          2.108022928237915,
          1.4712754487991333,
          1.6583722829818726,
          1.6583576202392578,
          2.1076576709747314,
          1.080839991569519,
          0.6421031951904297,
          2.1628992557525635,
          1.7779661417007446,
          1.4512592554092407,
          1.7886227369308472,
          2.0169899463653564,
          1.3793656826019287,
          1.973334789276123,
          2.01643967628479,
          1.666930079460144,
          1.5533527135849,
          1.4413295984268188,
          1.832270860671997,
          1.2352150678634644,
          1.8864606618881226,
          1.3605445623397827,
          1.9730943441390991,
          2.206134080886841,
          1.1519991159439087,
          1.2829445600509644,
          1.0802873373031616,
          1.7882617712020874,
          1.3789080381393433,
          1.6664576530456543,
          1.3788015842437744,
          2.16204571723938,
          1.9358717203140259,
          1.440925121307373,
          1.3165771961212158,
          1.9357376098632812,
          1.8748422861099243,
          1.4507070779800415,
          1.7253570556640625,
          2.0217010974884033,
          1.6198580265045166,
          1.7253906726837158,
          1.9355254173278809,
          2.1056647300720215,
          1.7145726680755615,
          1.1628446578979492,
          1.806989312171936,
          1.4405674934387207,
          1.2826590538024902,
          1.5525647401809692,
          1.2346805334091187,
          0.6419479250907898,
          1.7876511812210083,
          2.1054205894470215,
          2.2321364879608154,
          1.750936508178711,
          1.7921675443649292,
          1.9717512130737305,
          1.8067201375961304,
          1.6657570600509644,
          1.6194348335266113,
          1.4330564737319946,
          2.0211901664733887,
          1.8627406358718872,
          1.6531606912612915,
          1.862587332725525,
          1.665451169013977,
          1.6842645406723022,
          1.1682631969451904,
          1.1684114933013916,
          1.378068447113037,
          1.7506420612335205,
          1.7566165924072266,
          1.4705617427825928,
          1.4401676654815674,
          1.5520334243774414,
          1.2344229221343994,
          1.0922908782958984,
          1.0921638011932373,
          1.5144391059875488,
          1.208531141281128,
          1.7768268585205078,
          1.2822725772857666,
          2.1613523960113525,
          0.6418479084968567,
          1.4501129388809204,
