{
  "model": "gpt2",
  "L_crit": 11,
  "head": 0,
  "ov_top_tokens": [
    " encount",
    " challeng",
    " nodd",
    " mathemat",
    " conclud",
    " cryst",
    " conduc",
    " mosqu",
    " destro",
    " confir"
  ],
  "ov_top_vals": [
    1.4117839336395264,
    1.4001333713531494,
    1.381157398223877,
    1.340135097503662,
    1.3175077438354492,
    1.31734037399292,
    1.2920207977294922,
    1.2823002338409424,
    1.2712907791137695,
    1.270348310470581
  ],
  "pair_results": [
    {
      "word_A": "Paris",
      "word_B": " is",
      "gap": 0.5841679573059082,
      "pos_first_A": 5,
      "attn_first_A_short": 0.03729595988988876,
      "attn_first_A_long": 0.0025198697112500668,
      "attn_pattern_short": {
        "attn_last": 0.12043865025043488,
        "attn_prev": 0.16115061938762665,
        "attn_first": 0.00917611550539732,
        "top_pos": [
          15,
          1,
          16
        ],
        "top_attn": [
          0.16115061938762665,
          0.13423262536525726,
          0.12043865025043488
        ]
      },
      "attn_pattern_long": {
        "attn_last": 0.024424100294709206,
        "attn_prev": 0.031246626749634743,
        "attn_first": 0.004257743246853352,
        "top_pos": [
          175,
          157,
          205
        ],
        "top_attn": [
          0.04705679789185524,
          0.040128640830516815,
          0.031246626749634743
        ]
      }
    },
    {
      "word_A": "water",
      "word_B": " is",
      "gap": 1.2200560569763184,
      "pos_first_A": 5,
      "attn_first_A_short": 0.056623075157403946,
      "attn_first_A_long": 0.005963335279375315,
      "attn_pattern_short": {
        "attn_last": 0.013525108806788921,
        "attn_prev": 0.049177445471286774,
        "attn_first": 0.06575673818588257,
        "top_pos": [
          6,
          11,
          12
        ],
        "top_attn": [
          0.2076505720615387,
          0.12938766181468964,
          0.09972482919692993
        ]
      },
      "attn_pattern_long": {
        "attn_last": 0.007851049304008484,
        "attn_prev": 0.03519149869680405,
        "attn_first": 0.013331804424524307,
        "top_pos": [
          203,
          188,
          205
        ],
        "top_attn": [
          0.03899011388421059,
          0.03769507259130478,
          0.03519149869680405
        ]
      }
    },
    {
      "word_A": "Romeo",
      "word_B": " and",
      "gap": -0.9049530029296875,
      "pos_first_A": 5,
      "attn_first_A_short": 0.021057741716504097,
      "attn_first_A_long": 0.004016018006950617,
      "attn_pattern_short": {
        "attn_last": 0.03277069702744484,
        "attn_prev": 0.03916487470269203,
        "attn_first": 0.3385145962238312,
        "top_pos": [
          0,
          2,
          7
        ],
        "top_attn": [
          0.3385145962238312,
          0.0758148729801178,
          0.05873050540685654
        ]
      },
      "attn_pattern_long": {
        "attn_last": 0.012658486142754555,
        "attn_prev": 0.01410688366740942,
        "attn_first": 0.21020843088626862,
        "top_pos": [
          0,
          171,
          179
        ],
        "top_attn": [
          0.21020843088626862,
          0.016973674297332764,
          0.01670595444738865
        ]
      }
    },
    {
      "word_A": "they",
      "word_B": " were",
      "gap": -0.6521029472351074,
      "pos_first_A": 5,
      "attn_first_A_short": 0.07590733468532562,
      "attn_first_A_long": 0.00352013623341918,
      "attn_pattern_short": {
        "attn_last": 0.05383799970149994,
        "attn_prev": 0.04145648330450058,
        "attn_first": 0.027250060811638832,
        "top_pos": [
          6,
          1,
          8
        ],
        "top_attn": [
          0.17372184991836548,
          0.12140417098999023,
          0.09570734202861786
        ]
      },
      "attn_pattern_long": {
        "attn_last": 0.007243819534778595,
        "attn_prev": 0.014199996367096901,
        "attn_first": 0.033251747488975525,
        "top_pos": [
          0,
          200,
          195
        ],
        "top_attn": [
          0.033251747488975525,
          0.02584499679505825,
          0.024387236684560776
        ]
      }
    },
    {
      "word_A": "that",
      "word_B": " is",
      "gap": -0.3751664161682129,
      "pos_first_A": 5,
      "attn_first_A_short": 0.14539474248886108,
      "attn_first_A_long": 0.010047012940049171,
      "attn_pattern_short": {
        "attn_last": 0.17167329788208008,
        "attn_prev": 0.03896866738796234,
        "attn_first": 0.028675192967057228,
        "top_pos": [
          16,
          2,
          5
        ],
        "top_attn": [
          0.17167329788208008,
          0.17065678536891937,
          0.14539474248886108
        ]
      },
      "attn_pattern_long": {
        "attn_last": 0.058717213571071625,
        "attn_prev": 0.01719764433801174,
        "attn_first": 0.0086270896717906,
        "top_pos": [
          206,
          192,
          190
        ],
        "top_attn": [
          0.058717213571071625,
          0.02709386497735977,
          0.027025654911994934
        ]
      }
    },
    {
      "word_A": "one",
      "word_B": " two",
      "gap": 0.6494350433349609,
      "pos_first_A": 5,
      "attn_first_A_short": 0.27401113510131836,
      "attn_first_A_long": 0.018537333235144615,
      "attn_pattern_short": {
        "attn_last": 0.17748388648033142,
        "attn_prev": 0.024510622024536133,
        "attn_first": 0.009095129556953907,
        "top_pos": [
          5,
          16,
          11
        ],
        "top_attn": [
          0.27401113510131836,
          0.17748388648033142,
          0.09921993315219879
        ]
      },
      "attn_pattern_long": {
        "attn_last": 0.0312521830201149,
        "attn_prev": 0.0005667301593348384,
        "attn_first": 0.0037122047506272793,
        "top_pos": [
          197,
          206,
          175
        ],
        "top_attn": [
          0.04358495771884918,
          0.0312521830201149,
          0.029594330117106438
        ]
      }
    },
    {
      "word_A": "he",
      "word_B": " went",
      "gap": 0.3786334991455078,
      "pos_first_A": 5,
      "attn_first_A_short": 0.056949034333229065,
      "attn_first_A_long": 0.006423028651624918,
      "attn_pattern_short": {
        "attn_last": 0.07360777258872986,
        "attn_prev": 0.08337710052728653,
        "attn_first": 0.0740671306848526,
        "top_pos": [
          2,
          1,
          8
        ],
        "top_attn": [
          0.10304904729127884,
          0.10088726133108139,
          0.0898955836892128
        ]
      },
      "attn_pattern_long": {
        "attn_last": 0.015702001750469208,
        "attn_prev": 0.013866969384253025,
        "attn_first": 0.16084440052509308,
        "top_pos": [
          0,
          196,
          206
        ],
        "top_attn": [
          0.16084440052509308,
          0.01683749258518219,
          0.015702001750469208
        ]
      }
    },
    {
      "word_A": "she",
      "word_B": " said",
      "gap": -0.7717342376708984,
      "pos_first_A": 5,
      "attn_first_A_short": 0.029223106801509857,
      "attn_first_A_long": 0.0028024364728480577,
      "attn_pattern_short": {
        "attn_last": 0.102736696600914,
        "attn_prev": 0.0680849626660347,
        "attn_first": 0.039659906178712845,
        "top_pos": [
          11,
          10,
          16
        ],
        "top_attn": [
          0.16312819719314575,
          0.13366363942623138,
          0.102736696600914
        ]
      },
      "attn_pattern_long": {
        "attn_last": 0.005859490483999252,
        "attn_prev": 0.011134556494653225,
        "attn_first": 0.09949424117803574,
        "top_pos": [
          0,
          203,
          185
        ],