{
  "mongo": {
    "power_law": {
      "gamma": 0.924684527882036,
      "r2": 0.9897280156969657
    },
    "model_c": {
      "C0": 0.038565128711944834,
      "gamma": 0.7439435362461131,
      "lambda": 0.0010386588588366962,
      "decay_scale_tokens": 962.7800230000499,
      "r2": 0.9989847819090889
    },
    "interpretation": "power-law dominates"
  },
  "random": {
    "power_law": {
      "gamma": 0.9140832027359694,
      "r2": 0.9678067134098391
    },
    "model_c": {
      "C0": 0.009807975311113562,
      "gamma": 0.29756654703754865,
      "lambda": 0.005102979221976389,
      "decay_scale_tokens": 195.963956837884,
      "r2": 0.9942497317969279
    },
    "interpretation": "ALiBi exp dominates"
  }
}