layer,mean_H,delta_H
0,3.546627,-5.352703
1,3.374105,-5.525226
2,2.742319,-6.157012
3,1.599187,-7.300144
4,0.000000,-8.899331
5,0.000000,-8.899331
