{
  "model": "EleutherAI/pythia-160m",
  "gamma_obs": 1.017,
  "hagedorn_dist": 0.016999999999999904,
  "chi_empirical": 0.22500000000000003,
  "boolq_gain_0to8": 0.20000000000000007,
  "arc_gain_0to8": 0.25,
  "boolq_by_k": {
    "0": 0.6,
    "1": 0.6,
    "2": 0.5,
    "4": 0.6,
    "8": 0.8
  },
  "arc_by_k": {
    "0": 0.0,
    "1": 0.5,
    "2": 0.25,
    "4": 0.125,
    "8": 0.25
  },
  "k_shots": [
    0,
    1,
    2,
    4,
    8
  ]
}