{
  "model": "gpt2-xl",
  "N": 48,
  "L_crit": 43,
  "N_sem": 5,
  "sr_curve": [
    3.0052957418044377,
    4.190733397764279,
    3.9844778749153784,
    4.742144323138099,
    5.487735985789361,
    6.024953207324245,
    6.312635947467395,
    5.927214874958134,
    6.147061520141492,
    8.912540599478778,
    7.574532820508252,
    8.428949726032902,
    8.778703207288846,
    8.246854635259211,
    7.757720097985891,
    8.566503273916034,
    10.576764851082048,
    9.365914446895903,
    8.517875192047962,
    7.808563206248993,
    9.256986294407392,
    8.627361744835305,
    8.44072525056894,
    9.625278402884797,
    7.451156139598859,
    9.443563747594146,
    8.456589355789225,
    8.759770005423828,
    9.031517221674354,
    9.847088778453081,
    8.234535899593913,
    8.884081124344222,
    8.038374232438736,
    8.59403535919434,
    9.287073419463447,
    8.4247299245923,
    9.68373129290469,
    8.800401317758247,
    9.392212738040252,
    8.746496552641544,
    9.180510213501227,
    10.344749857443423,
    9.576668645082636,
    10.01476115963401,
    9.864034778742958,
    10.009398790526975,
    8.465146558744713,
    6.850672492399305
  ],
  "frob_curve": [
    0.41077608048915865,
    1.9284340691566468,
    3.133606698513031,
    3.560653681755066,
    4.071997008323669,
    3.9977815437316893,
    4.124623394012451,
    4.180846424102783,
    4.370722055435181,
    4.376299819946289,
    4.347878398895264,
    4.157600212097168,
    4.6784470272064205,
    4.586551275253296,
    4.583873338699341,
    4.46646637916565,
    5.0335115051269534,
    5.0603319263458255,
    4.770227365493774,
    4.717230911254883,
    4.805085496902466,
    4.42928144454956,
    4.091181364059448,
    3.974910135269165,
    3.612303147315979,
    3.6575075721740724,
    3.6522437381744384,
    3.4940106868743896,
    3.535118408203125,
    3.3711316204071045,
    3.3506378173828124,
    3.318546142578125,
    3.302897529602051,
    3.2507898807525635,
    3.496169033050537,
    3.1970692253112794,
    3.343003025054932,
    3.3962487983703613,
    3.1418694686889648,
    3.2417544746398925,
    3.367936706542969,
    3.595104990005493,
    3.7347336864471434,
    3.8008195781707763,
    4.3127646732330325,
    4.555081968307495,
    5.355396957397461,
    5.883860740661621
  ],
  "spec_curve": [
    0.24182699680328368,
    1.0088331055641175,
    1.63891273021698,
    1.697084596157074,
    1.8272642254829408,
    1.7690875434875488,
    1.7916849565505981,
    1.8929935598373413,
    1.9271667098999024,
    1.5420902919769288,
    1.6590872955322267,
    1.509448914527893,
    1.6759061193466187,
    1.7740382719039918,
    1.726573634147644,
    1.6041080713272096,
    1.6248615074157715,
    1.7891986989974975,
    1.8359429883956908,
    1.8478282928466796,
    1.76768390417099,
    1.6269321370124816,
    1.456128842830658,
    1.367765474319458,
    1.3652048897743225,
    1.2221035480499267,
    1.3716741514205932,
    1.257537717819214,
    1.2145938277244568,
    1.1094414949417115,
    1.221541187763214,
    1.2189280772209168,
    1.2721640133857728,
    1.2141858458518981,
    1.2644684052467345,
    1.1838785576820374,
    1.1286521339416504,
    1.3210419869422914,
    1.0470056414604187,
    1.1606328892707825,
    1.1938791680335998,
    1.1707167267799377,
    1.294056739807129,
    1.273641948699951,
    1.512703709602356,
    1.5043205046653747,
    1.9027538299560547,
    2.304016046524048
  ],
  "periodicity_sr": {
    "k_dominant_ac": 2.0,
    "k_nsem": 5.0,
    "k_nsem_power": 27.182511804459924,
    "k_nsem_rank_in_ac": 13.0,
    "k_nsem_ratio": 0.024977997638692313,
    "total_ac_power": 1088.2582422200528,
    "power_spectrum": [
      2.6707674807162576e-26,
      715.0687660885052,
      357.855580965612,
      140.56885638501976,
      55.56968790762518,
      27.182511804459924,
      42.911084608788784,
      62.72325748769539,
      40.85365655711483,
      7.493694624005164,
      22.57786251205534,
      1.7465006088262922,
      65.10989462701167,
      31.02184474270982,
      11.287272020988171,
      20.113864678713906,
      1.683307546835651,
      27.375399993329392,
      31.497003685467494,
      16.696991455157452,
      3.4740980239949812,
      61.3301885468872,
      36.15480378397914,
      1.387032028836303,
      21.643847624939188
    ]
  },
  "periodicity_frob": {
    "k_dominant_ac": 2.0,
    "k_nsem": 5.0,
    "k_nsem_power": 52.202620820790955,
    "k_nsem_rank_in_ac": 3.0,
    "k_nsem_ratio": 0.09022596270323303,
    "total_ac_power": 578.5764901450078,
    "power_spectrum": [
      1.7057144923141328e-27,
      280.26173833534295,
      67.67645876199053,
      9.4990292223341,
      66.13731086275538,
      52.202620820790955,
      41.212771571029194,
      36.08694686031306,
      37.69617844281605,
      32.47517721962243,
      39.50483034605495,
      27.75074106528551,
      10.28764603765761,
      19.72457458603383,
      22.889195420382176,
      13.46805307402927,
      18.961757724029955,
      9.354980736275186,
      20.83594529151453,
      15.155347961302242,
      10.364707794508256,
      5.727678389055702,
      12.414233366262787,
      7.185163847206159,
      1.9651407437580106
    ]
  }
}