{
  "model": "gpt2-large",
  "N": 36,
  "L_crit": 33,
  "N_sem": 3,
  "sr_curve": [
    14.47738881363044,
    5.227110739349127,
    5.187858631474805,
    6.143202398608626,
    6.860827759994744,
    6.303258693247651,
    6.623308729794722,
    7.998942062348251,
    7.563764749229092,
    10.016432342067255,
    9.623633479897531,
    9.96236466710416,
    10.99048786394631,
    10.368821163488269,
    9.819520090021111,
    10.586574614857517,
    11.031872590984003,
    10.076315839602705,
    9.660302285233902,
    9.731558322224434,
    10.745459704783675,
    9.195562352441039,
    8.565956270738315,
    8.78153713784886,
    8.924758186942997,
    10.284102530081402,
    8.251956010676817,
    10.011453461836332,
    9.414813804942495,
    11.874396360053556,
    9.664489671673811,
    10.949332121596978,
    9.526734958479397,
    10.49278153341553,
    8.503772422969302,
    9.76867953584213
  ],
  "frob_curve": [
    2.2478068709373473,
    1.9068263083696366,
    2.8963742703199387,
    3.1239175885915755,
    3.4280447721481324,
    4.15092386007309,
    4.229616641998291,
    4.29519567489624,
    4.333398985862732,
    4.67714604139328,
    4.476090490818024,
    4.468318152427673,
    4.837147891521454,
    4.655142223834991,
    4.621856284141541,
    4.794538426399231,
    5.041932606697083,
    4.606095886230468,
    4.511252284049988,
    4.702972209453582,
    4.621228837966919,
    4.115156149864196,
    3.877094030380249,
    3.8796911239624023,
    3.796297585964203,
    3.6912230849266052,
    3.800480902194977,
    3.802728271484375,
    3.603396499156952,
    3.660360038280487,
    3.77968407869339,
    4.0416216373443605,
    4.24884033203125,
    4.949480199813843,
    5.8888376474380495,
    7.717085576057434
  ],
  "spec_curve": [
    0.562838825583458,
    0.8952949643135071,
    1.3111250072717666,
    1.3094798356294632,
    1.3785526663064958,
    1.6834433734416963,
    1.7444728761911392,
    1.7746364891529083,
    1.7225086748600007,
    1.542852258682251,
    1.498388135433197,
    1.4475996315479278,
    1.534312254190445,
    1.4718647181987763,
    1.524321973323822,
    1.5310561656951904,
    1.5522982776165009,
    1.4716392427682876,
    1.4891833782196044,
    1.5549124360084534,
    1.4739458441734314,
    1.4183288604021071,
    1.4203574538230896,
    1.38409683406353,
    1.3155996054410934,
    1.1837209939956665,
    1.4324533283710479,
    1.2518831133842467,
    1.2062453985214234,
    1.133369255065918,
    1.2574486911296845,
    1.2546493262052536,
    1.4197751104831695,
    1.5721863448619842,
    2.104900848865509,
    2.591031068563461
  ],
  "periodicity_sr": {
    "k_dominant_ac": 2.0,
    "k_nsem": 3.0,
    "k_nsem_power": 35.480487506965794,
    "k_nsem_rank_in_ac": 15.0,
    "k_nsem_ratio": 0.02024593043280426,
    "total_ac_power": 1752.4750282396085,
    "power_spectrum": [
      1.00729648987671e-26,
      196.75000840920433,
      402.12213645053623,
      35.480487506965794,
      80.64565195673701,
      45.1922946567768,
      72.8681435453787,
      128.80818410484346,
      22.886822573283073,
      221.11157691675885,
      75.74511638930025,
      140.30393695332066,
      97.11484876314611,
      49.37034419786297,
      51.45599837383223,
      85.99586774384623,
      201.93628799210543,
      40.13390521217931,
      1.3034249027355285
    ]
  },
  "periodicity_frob": {
    "k_dominant_ac": 4.0,
    "k_nsem": 3.0,
    "k_nsem_power": 34.730175363045696,
    "k_nsem_rank_in_ac": 3.0,
    "k_nsem_ratio": 0.10972525438269988,
    "total_ac_power": 316.5194335473012,
    "power_spectrum": [
      7.099748146989106e-30,
      154.77278852625855,
      34.65354634903779,
      34.730175363045696,
      47.567686082266206,
      43.0485030267296,
      22.98395067690211,
      21.26960126337535,
      17.252342294085743,
      14.654861154230446,
      21.09376000418449,
      15.629500356611684,
      9.059631136422345,
      8.155150551538757,
      6.937643047847938,
      4.502690197355615,
      2.9633898972142125,
      7.025906833237126,
      4.991095313216073
    ]
  }
}