{
  "model": "EleutherAI/pythia-2.8b",
  "theta": 10000,
  "gamma_pred": 0.99999561666838,
  "C_theory": 9.2103,
  "distances": [
    10,
    20,
    30,
    50,
    100
  ],
  "distances_fit": [
    30,
    50,
    100
  ],
  "d_min_fit": 30,
  "n_prompts_per_distance": 150,
  "seeds": [
    42,
    123,
    7
  ],
  "attn_by_distance": {
    "10": {
      "mean_across_seeds": 0.008272597978745277,
      "std_across_seeds": 0.0012549327039177746,
      "per_seed_means": [
        0.007707856085617095,
        0.007097888254017259,
        0.010012049596601477
      ]
    },
    "20": {
      "mean_across_seeds": 0.005688730217193047,
      "std_across_seeds": 0.0012039353173644645,
      "per_seed_means": [
        0.0049784621410071846,
        0.004703778505208902,
        0.007383950005363052
      ]
    },
    "30": {
      "mean_across_seeds": 0.004169839709583256,
      "std_across_seeds": 0.001364214691961173,
      "per_seed_means": [
        0.0033304808987304566,
        0.003085115519352257,
        0.006093922710667054
      ]
    },
    "50": {
      "mean_across_seeds": 0.003013845277988973,
      "std_across_seeds": 0.00137963251205373,
      "per_seed_means": [
        0.002109092113096267,
        0.001969176408407899,
        0.004963267312462752
      ]
    },
    "100": {
      "mean_across_seeds": 0.0018553994908062225,
      "std_across_seeds": 0.0011837757725552231,
      "per_seed_means": [
        0.0010780306657155354,
        0.0009600430543650874,
        0.0035281247523380444
      ]
    }
  },
  "fit_power_law": {
    "gamma": 0.6741618914822415,
    "log_A": -3.179715570803609,
    "R2": 0.999287,
    "n_points": 3
  },
  "fit_exponential": {
    "lambda": 0.011209420867769772,
    "log_A": -5.185458562794302,
    "R2": 0.983538,
    "n_points": 3
  },
  "delta_R2_power_minus_exp": 0.0157,
  "gamma_CI_95": {
    "lo": 0.6355609753595243,
    "hi": 1.4829672684297877
  },
  "decision": "UNCLEAR: \u03b3=0.674 outside all expected ranges"
}