{
  "model": "EleutherAI/pythia-70m",
  "T_seq": 500,
  "n_layers": 6,
  "n_samples": 3,
  "H_attn": [
    2.931483745574951,
    2.6581687927246094,
    2.846722364425659,
    3.681366443634033,
    2.142681837081909,
    0.6738190054893494
  ],
  "ln_T": 6.214608098422191,
  "R_profile": [
    0.0,
    -1.6746,
    -0.7017,
    -0.6383,
    1.2949000000000002,
    0.9589
  ],
  "pearson_r": 0.614123146616274,
  "ols_slope": 0.5616460465455614,
  "slope_ratio_vs_lnT": 0.0903751351091883,
  "confirmed_r_gt_090": false,
  "confirmed_slope_ratio": false
}