{
  "model": "EleutherAI/pythia-1b",
  "T_seq": 1000,
  "n_layers": 16,
  "n_samples": 5,
  "H_attn": [
    4.388372898101807,
    3.8320794105529785,
    4.055876731872559,
    3.7340807914733887,
    3.418897867202759,
    3.2817041873931885,
    2.9064135551452637,
    2.2784643173217773,
    2.7913360595703125,
    3.059999704360962,
    2.1062607765197754,
    3.629648447036743,
    2.8487510681152344,
    3.1419475078582764,
    4.2374043464660645,
    3.3004088401794434
  ],
  "ln_T": 6.907755278982137,
  "R_profile": [
    0.0,
    0.0548,
    0.0479,
    -0.0083,
    -0.0103,
    0.0232,
    0.08310000000000001,
    0.0781,
    0.2341,
    0.2519,
    0.32630000000000003,
    0.3444,
    0.5439,
    0.6936,
    0.7456999999999999,
    0.9076000000000001
  ],
  "pearson_r": 0.07496415288279364,
  "ols_slope": 0.16286534377832787,
  "slope_ratio_vs_lnT": 0.0235771733654013,
  "confirmed_r_gt_090": false,
  "confirmed_slope_ratio": false
}