{
  "model": "gpt2-medium",
  "T_seq": 500,
  "n_layers": 24,
  "n_samples": 3,
  "H_attn": [
    4.911882400512695,
    4.366139888763428,
    2.929659605026245,
    2.336615562438965,
    1.9231513738632202,
    1.5929408073425293,
    1.952513575553894,
    1.9363460540771484,
    2.57356858253479,
    1.8593672513961792,
    2.678025722503662,
    2.634000062942505,
    1.9815924167633057,
    1.5687710046768188,
    2.433032274246216,
    2.143284559249878,
    1.6216562986373901,
    2.024707317352295,
    2.404418468475342,
    2.787477731704712,
    2.8182625770568848,
    2.4037156105041504,
    3.1506476402282715,
    4.003361225128174
  ],
  "ln_T": 6.214608098422191,
  "R_profile": [
    0.0556,
    -0.014199999999999999,
    -0.1865,
    -0.2915,
    -0.2553,
    -0.2365,
    -0.1807,
    -0.0839,
    -0.032400000000000005,
    0.0124,
    0.0377,
    0.1589,
    0.285,
    0.2439,
    0.251,
    0.2391,
    0.2378,
    0.2857,
    0.3181,
    0.4011,
    0.5207,
    0.6774,
    0.826,
    0.932
  ],
  "pearson_r": -0.2642943687624516,
  "ols_slope": -0.6837694019728887,
  "slope_ratio_vs_lnT": -0.11002614986236846,
  "confirmed_r_gt_090": false,
  "confirmed_slope_ratio": false
}