{
  "model": "gpt2-large",
  "T_seq": 200,
  "n_layers": 36,
  "n_samples": 5,
  "H_attn": [
    2.985027551651001,
    3.6969990730285645,
    3.4595837593078613,
    3.0505709648132324,
    2.7797834873199463,
    2.588606119155884,
    2.6586735248565674,
    2.4294605255126953,
    2.2396984100341797,
    2.0682716369628906,
    1.9441800117492676,
    1.7711260318756104,
    1.5649975538253784,
    1.5639277696609497,
    1.587461233139038,
    1.6603503227233887,
    1.4181594848632812,
    1.6120234727859497,
    1.8441671133041382,
    1.9064106941223145,
    1.885192632675171,
    1.7851909399032593,
    1.924445390701294,
    1.9209076166152954,
    1.9022446870803833,
    1.9883060455322266,
    1.8982183933258057,
    2.2269718647003174,
    2.414278030395508,
    1.905351161956787,
    2.159285068511963,
    2.611708879470825,
    2.483022689819336,
    2.6407902240753174,
    2.8586182594299316,
    3.781723737716675
  ],
  "ln_T": 5.298317366548036,
  "R_profile": [
    0.0073,
    -0.0321,
    -0.0458,
    -0.0558,
    0.0405,
    0.0695,
    0.0172,
    -0.0127,
    -0.0337,
    -0.07980000000000001,
    -0.059000000000000004,
    -0.0535,
    -0.0013,
    0.0098,
    0.0322,
    -0.0014000000000000002,
    -0.0064,
    0.0013,
    0.10949999999999999,
    0.2256,
    0.26649999999999996,
    0.24559999999999998,
    0.2934,
    0.369,
    0.3933,
    0.45189999999999997,
    0.4512,
    0.5273,
    0.5913,
    0.6424,
    0.7066,
    0.7828,
    0.8429000000000001,
    0.9144,
    0.9763,
    1.0004
  ],
  "pearson_r": -0.231888681982478,
  "ols_slope": -0.41065783227400743,
  "slope_ratio_vs_lnT": -0.07750721669992365,
  "confirmed_r_gt_090": false,
  "confirmed_slope_ratio": false
}