{
  "cos_sim_mean": -0.01749146729707718,
  "cos_sim_std": 0.11474757641553879,
  "cos_sim_matrix": [
    [
      1.0,
      -0.029719023033976555,
      -0.020083043724298477,
      -0.17210397124290466,
      0.06633961945772171,
      -0.030295822769403458,
      0.055486612021923065,
      -0.017657075077295303,
      -0.02941712737083435,
      -0.015339821577072144,
      0.01223018765449524,
      -0.006009957753121853,
      0.04284694790840149,
      0.04262711852788925,
      0.02499740943312645,
      -0.05745357275009155
    ],
    [
      -0.029719023033976555,
      1.0,
      -0.019175421446561813,
      0.09524994343519211,
      -0.10856646299362183,
      0.10407213866710663,
      -0.13017474114894867,
      0.07561583817005157,
      0.0619095042347908,
      0.07305620610713959,
      -0.01670997589826584,
      0.02275921031832695,
      -0.060057613998651505,
      0.006176801398396492,
      -0.011007066816091537,
      -0.0018594367429614067
    ],
    [
      -0.020083043724298477,
      -0.019175421446561813,
      0.9999999403953552,
      -0.13182584941387177,
      0.1573365330696106,
      -0.055456504225730896,
      -0.09673528373241425,
      -0.2845197319984436,
      0.03393082320690155,
      -0.00966035109013319,
      -0.10627517104148865,
      0.09607540816068649,
      0.0007109753787517548,
      0.00547989085316658,
      0.023064905777573586,
      0.012807110324501991
    ],
    [
      -0.17210397124290466,
      0.09524994343519211,
      -0.13182584941387177,
      0.9999998807907104,
      -0.16175492107868195,
      0.24149717390537262,
      0.054623670876026154,
      0.28946176171302795,
      0.08893273770809174,
      0.030161606147885323,
      0.13382771611213684,
      -0.07488537579774857,
      0.006063426379114389,
      0.005872063804417849,
      -0.08418633788824081,
      -0.1655772179365158
    ],
    [
      0.06633961945772171,
      -0.10856646299362183,
      0.1573365330696106,
      -0.16175492107868195,
      1.0000001192092896,
      -0.2774767577648163,
      0.08340868353843689,
      -0.13156937062740326,
      -0.23705127835273743,
      -0.09026273339986801,
      -0.11047787964344025,
      -0.05610831454396248,
      -0.06804681569337845,
      -0.10817133635282516,
      -0.026060866191983223,
      0.07559887319803238
    ],
    [
      -0.030295822769403458,
      0.10407213866710663,
      -0.055456504225730896,
      0.24149717390537262,
      -0.2774767577648163,
      1.0,
      -0.35720205307006836,
      0.26169487833976746,
      0.2187243551015854,
      -0.007805807515978813,
      0.0708412379026413,
      0.0027274591848254204,
      0.006418980658054352,
      0.08051083981990814,
      0.04310116171836853,
      -0.5057379603385925
    ],
    [
      0.055486612021923065,
      -0.13017474114894867,
      -0.09673528373241425,
      0.054623670876026154,
      0.08340868353843689,
      -0.35720205307006836,
      1.0,
      0.039921291172504425,
      -0.2335905283689499,
      -0.15781259536743164,
      0.007157748565077782,
      -0.032690949738025665,
      -0.018237994983792305,
      -0.09058814495801926,
      -0.027706000953912735,
      -0.18492776155471802
    ],
    [
      -0.017657075077295303,
      0.07561583817005157,
      -0.2845197319984436,
      0.28946176171302795,
      -0.13156937062740326,
      0.26169487833976746,
      0.039921291172504425,
      1.0000001192092896,
      0.09676885604858398,
      -0.014062846079468727,
      0.1872798204421997,
      -0.06640951335430145,
      -0.003437318606302142,
      0.04130113869905472,
      0.03180164471268654,
      -0.30804750323295593
    ],
    [
      -0.02941712737083435,
      0.0619095042347908,
      0.03393082320690155,
      0.08893273770809174,
      -0.23705127835273743,
      0.2187243551015854,
      -0.2335905283689499,
      0.09676885604858398,
      1.0,
      0.012450695037841797,
      0.05234065651893616,
      -0.10017211735248566,
      0.07453452795743942,
      0.0031156991608440876,
      0.02152005396783352,
      -0.11511378735303879
    ],
    [
      -0.015339821577072144,
      0.07305620610713959,
      -0.00966035109013319,
      0.030161606147885323,
      -0.09026273339986801,
      -0.007805807515978813,
      -0.15781259536743164,
      -0.014062846079468727,
      0.012450695037841797,
      1.0000001192092896,
      -0.036916568875312805,
      0.03244571015238762,
      0.020190328359603882,
      0.006737357005476952,
      0.06574798375368118,
      0.10236559063196182
    ],
    [
      0.01223018765449524,
      -0.01670997589826584,
      -0.10627517104148865,
      0.13382771611213684,
      -0.11047787964344025,
      0.0708412379026413,
      0.007157748565077782,
      0.1872798204421997,
      0.05234065651893616,
      -0.036916568875312805,
      0.9999998807907104,
      -0.07314002513885498,
      0.012890877202153206,
      -0.011475431732833385,
      0.008203467354178429,
      -0.09418699890375137
    ],
    [
      -0.006009957753121853,
      0.02275921031832695,
      0.09607540816068649,
      -0.07488537579774857,
      -0.05610831454396248,
      0.0027274591848254204,
      -0.032690949738025665,
      -0.06640951335430145,
      -0.10017211735248566,
      0.03244571015238762,
      -0.07314002513885498,
      1.0000001192092896,
      -0.0012570242397487164,
      -0.17616260051727295,
      0.008794736117124557,
      0.047377318143844604
    ],
    [
      0.04284694790840149,
      -0.060057613998651505,
      0.0007109753787517548,
      0.006063426379114389,
      -0.06804681569337845,
      0.006418980658054352,
      -0.018237994983792305,
      -0.003437318606302142,
      0.07453452795743942,
      0.020190328359603882,
      0.012890877202153206,
      -0.0012570242397487164,
      1.0,
      -0.021525036543607712,
      0.09623224288225174,
      -0.049355436116456985
    ],
    [
      0.04262711852788925,
      0.006176801398396492,
      0.00547989085316658,
      0.005872063804417849,
      -0.10817133635282516,
      0.08051083981990814,
      -0.09058814495801926,
      0.04130113869905472,
      0.0031156991608440876,
      0.006737357005476952,
      -0.011475431732833385,
      -0.17616260051727295,
      -0.021525036543607712,
      1.0,
      0.004040432162582874,
      -0.05991571024060249
    ],
    [
      0.02499740943312645,
      -0.011007066816091537,
      0.023064905777573586,
      -0.08418633788824081,
      -0.026060866191983223,
      0.04310116171836853,
      -0.027706000953912735,
      0.03180164471268654,
      0.02152005396783352,
      0.06574798375368118,
      0.008203467354178429,
      0.008794736117124557,
      0.09623224288225174,
      0.004040432162582874,
      1.0,
      -0.029224151745438576
    ],
    [
      -0.05745357275009155,
      -0.0018594367429614067,
      0.012807110324501991,
      -0.1655772179365158,
      0.07559887319803238,
      -0.5057379603385925,
      -0.18492776155471802,
      -0.30804750323295593,
      -0.11511378735303879,
      0.10236559063196182,
      -0.09418699890375137,
      0.047377318143844604,
      -0.049355436116456985,
      -0.05991571024060249,
      -0.029224151745438576,
      1.0
    ]
  ],
  "W_sum_frob": 437.4562683105469,
  "W_sum_SR": 2.955085841591785,
  "W_sum_spec": 254.47763061523438,
  "sum_frob_ind": 1795.0878829956055,
  "frob_ratio": 0.24369629612814772,
  "R_joint": {
    "mean": -0.07880064846205406,
    "std": 0.29822166072155476,
    "all": [
      0.06742614791549136,
      0.0976621204683245,
      0.05938054008873661,
      -0.29952072152409265,
      -0.17265655210422787,
      -0.8168725465888622,
      0.2853584846216922,
      -0.1979649827695418,
      0.029288318224557453,
      0.15989270704738165
    ]
  },
  "R_sum_ind": {
    "mean": -0.06547276211242853,
    "std": 0.2898316977544356,