{
  "cos_sim_mean": -0.006194185931235552,
  "cos_sim_std": 0.08916603773832321,
  "cos_sim_matrix": [
    [
      0.9999999403953552,
      -0.0781468078494072,
      0.19044063985347748,
      0.012521451339125633,
      -0.17482100427150726,
      0.05868000164628029,
      -0.13370949029922485,
      -0.08185403794050217,
      -0.1450050324201584,
      -0.011590509675443172,
      -0.12377012521028519,
      -0.11165498197078705
    ],
    [
      -0.0781468078494072,
      0.9999999403953552,
      -0.09003380686044693,
      -0.011253136210143566,
      0.23454049229621887,
      0.017756205052137375,
      -0.013420753180980682,
      0.0701494887471199,
      0.05572107434272766,
      -0.014212110079824924,
      -0.05710172280669212,
      0.010240965522825718
    ],
    [
      0.19044063985347748,
      -0.09003380686044693,
      1.0000001192092896,
      0.03555312380194664,
      0.03215237334370613,
      0.033454447984695435,
      -0.09831168502569199,
      -0.022438479587435722,
      -0.030973993241786957,
      0.01098974421620369,
      -0.0787498727440834,
      0.0018108654767274857
    ],
    [
      0.012521451339125633,
      -0.011253136210143566,
      0.03555312380194664,
      1.0000001192092896,
      -0.037501316517591476,
      0.04056897759437561,
      -0.046119119971990585,
      -0.005569756031036377,
      -0.03817259520292282,
      0.052768561989068985,
      -0.03212574124336243,
      0.009138870984315872
    ],
    [
      -0.17482100427150726,
      0.23454049229621887,
      0.03215237334370613,
      -0.037501316517591476,
      1.0000001192092896,
      -0.06983646005392075,
      -0.22654560208320618,
      -0.010897491127252579,
      0.03826494142413139,
      -0.09748274832963943,
      -0.07146253436803818,
      0.28340578079223633
    ],
    [
      0.05868000164628029,
      0.017756205052137375,
      0.033454447984695435,
      0.04056897759437561,
      -0.06983646005392075,
      1.0,
      -0.07986623048782349,
      0.017307065427303314,
      -0.03909045830368996,
      9.178416803479195e-05,
      -0.08784979581832886,
      0.058840926736593246
    ],
    [
      -0.13370949029922485,
      -0.013420753180980682,
      -0.09831168502569199,
      -0.046119119971990585,
      -0.22654560208320618,
      -0.07986623048782349,
      1.0,
      0.051483094692230225,
      0.024282187223434448,
      0.060412466526031494,
      0.14752785861492157,
      -0.050319552421569824
    ],
    [
      -0.08185403794050217,
      0.0701494887471199,
      -0.022438479587435722,
      -0.005569756031036377,
      -0.010897491127252579,
      0.017307065427303314,
      0.051483094692230225,
      1.0000001192092896,
      -0.020404847338795662,
      0.13178551197052002,
      0.14258556067943573,
      -0.0009097880683839321
    ],
    [
      -0.1450050324201584,
      0.05572107434272766,
      -0.030973993241786957,
      -0.03817259520292282,
      0.03826494142413139,
      -0.03909045830368996,
      0.024282187223434448,
      -0.020404847338795662,
      1.0000001192092896,
      -0.0672520250082016,
      -0.03312409296631813,
      -0.026871640235185623
    ],
    [
      -0.011590509675443172,
      -0.014212110079824924,
      0.01098974421620369,
      0.052768561989068985,
      -0.09748274832963943,
      9.178416803479195e-05,
      0.060412466526031494,
      0.13178551197052002,
      -0.0672520250082016,
      1.0000001192092896,
      0.13087090849876404,
      0.026185454800724983
    ],
    [
      -0.12377012521028519,
      -0.05710172280669212,
      -0.0787498727440834,
      -0.03212574124336243,
      -0.07146253436803818,
      -0.08784979581832886,
      0.14752785861492157,
      0.14258556067943573,
      -0.03312409296631813,
      0.13087090849876404,
      0.9999999403953552,
      -0.06989780813455582
    ],
    [
      -0.11165498197078705,
      0.010240965522825718,
      0.0018108654767274857,
      0.009138870984315872,
      0.28340578079223633,
      0.058840926736593246,
      -0.050319552421569824,
      -0.0009097880683839321,
      -0.026871640235185623,
      0.026185454800724983,
      -0.06989780813455582,
      1.0000001192092896
    ]
  ],
  "W_sum_frob": 416.15228271484375,
  "W_sum_SR": 1.510416012268994,
  "W_sum_spec": 338.61328125,
  "sum_frob_ind": 1261.7138481140137,
  "frob_ratio": 0.3298309544092747,
  "R_joint": {
    "mean": 0.38012702234507106,
    "std": 1.7965894336802049,
    "all": [
      0.17246828302521525,
      0.15637507722670843,
      -0.33523551553273556,
      -0.5779238863697599,
      -1.0560486617584126,
      0.222061666345828,
      -0.2776140532081165,
      -0.2267634868772568,
      5.343823778254169
    ]
  },
  "R_sum_ind": {
    "mean": 0.4052737739888028,
    "std": 1.8290119442101296,
    "all": [
      0.18572527882060696,
      0.15478360863705976,
      -0.294052560283108,
      -0.5833130506493405,
      -0.9906174917477094,
      0.2386759084635155,
      -0.3232760489494515,
      -0.20981201969303667,
      5.469350341300689
    ]
  },
  "ratio": 0.937951176125356,
  "interpretation": "ADITIVO \u2014 cabezas independientes",
  "per_head_mean": {
    "0": 0.016118080197960634,
    "1": 0.054666809158802426,
    "2": 0.03426808662852743,
    "3": -0.07214545839065195,
    "4": -0.04473915585821595,
    "5": 0.13960691983726414,
    "6": 0.01875832422755956,
    "7": -0.03865611482149485,
    "8": 0.20553891115197173,
    "9": 0.030384311278240976,
    "10": -0.0033342157435587716,
    "11": 0.06480727632239751
  }
}