{
  "model": "gpt2",
  "N": 12,
  "L_crit": 11,
  "N_sem": 1,
  "n_heads": 12,
  "layers_patched": [
    9,
    10,
    11
  ],
  "n_prompts": 10,
  "head_summary": {
    "9": {
      "per_head_R_patch": {
        "0": 0.0034528531721228994,
        "1": 0.006254909422070402,
        "2": 0.01243104662442615,
        "3": 0.027916363802354245,
        "4": 0.004531973112955019,
        "5": -0.016982836120292513,
        "6": 0.00449462152398525,
        "7": 0.0031615059098070762,
        "8": 0.002905575965479199,
        "9": 0.0008253765000630503,
        "10": 0.0060280842562661615,
        "11": 0.01484479301529274
      },
      "top_head": 3,
      "max_R_patch": 0.027916363802354245,
      "n_critical_01": 0
    },
    "10": {
      "per_head_R_patch": {
        "0": 0.013516314524068426,
        "1": -0.001099695932518027,
        "2": 0.015096160928058244,
        "3": 0.0043824130639881385,
        "4": 0.0005623892327892135,
        "5": 0.0029453003209625574,
        "6": 0.00047144957750291683,
        "7": -0.012929111752231043,
        "8": 0.041266236837081166,
        "9": 0.005351100386674195,
        "10": 0.0022642277358425394,
        "11": 0.012216394611916679
      },
      "top_head": 8,
      "max_R_patch": 0.041266236837081166,
      "n_critical_01": 0
    },
    "11": {
      "per_head_R_patch": {
        "0": 0.006252604810670329,
        "1": -0.0015980218753392852,
        "2": 0.001178217796582857,
        "3": 0.0069905712884270445,
        "4": 0.008224604804011573,
        "5": 0.0041407533089216336,
        "6": -0.0006012350414440811,
        "7": 0.0015098899083710756,
        "8": 0.010296707275400252,
        "9": -0.005729302658649851,
        "10": -0.002374579453295419,
        "11": 0.01190372013724451
      },
      "top_head": 11,
      "max_R_patch": 0.01190372013724451,
      "n_critical_01": 0
    }
  },
  "wov_static": {
    "9": {
      "0": {
        "stable_rank_OV": 27.408270051027085,
        "frob_norm_OV": 31.605144500732422,
        "spec_norm_OV": 6.0369415283203125
      },
      "1": {
        "stable_rank_OV": 19.919481210910376,
        "frob_norm_OV": 48.7977409362793,
        "spec_norm_OV": 10.933537483215332
      },
      "2": {
        "stable_rank_OV": 33.963115826977834,
        "frob_norm_OV": 34.24818801879883,
        "spec_norm_OV": 5.876704216003418
      },
      "3": {
        "stable_rank_OV": 10.186449376848554,
        "frob_norm_OV": 22.90936279296875,
        "spec_norm_OV": 7.177968978881836
      },
      "4": {
        "stable_rank_OV": 19.74249129875483,
        "frob_norm_OV": 47.84954071044922,
        "spec_norm_OV": 10.769035339355469
      },
      "5": {
        "stable_rank_OV": 15.582651852687384,
        "frob_norm_OV": 53.30614471435547,
        "spec_norm_OV": 13.50381851196289
      },
      "6": {
        "stable_rank_OV": 35.83806450218393,
        "frob_norm_OV": 51.29468536376953,
        "spec_norm_OV": 8.56840705871582
      },
      "7": {
        "stable_rank_OV": 19.411321133223833,
        "frob_norm_OV": 40.665096282958984,
        "spec_norm_OV": 9.229841232299805
      },
      "8": {
        "stable_rank_OV": 17.724075819383255,
        "frob_norm_OV": 39.05353927612305,
        "spec_norm_OV": 9.276381492614746
      },
      "9": {
        "stable_rank_OV": 37.93912156776617,
        "frob_norm_OV": 51.800724029541016,
        "spec_norm_OV": 8.409926414489746
      },
      "10": {
        "stable_rank_OV": 24.766365082827907,
        "frob_norm_OV": 31.11797523498535,
        "spec_norm_OV": 6.2528815269470215
      },
      "11": {
        "stable_rank_OV": 20.787730739716768,
        "frob_norm_OV": 40.733482360839844,
        "spec_norm_OV": 8.934041976928711
      }
    },
    "10": {
      "0": {
        "stable_rank_OV": 38.22906285048873,
        "frob_norm_OV": 59.05110549926758,
        "spec_norm_OV": 9.550612449645996
      },
      "1": {
        "stable_rank_OV": 35.337684185342425,
        "frob_norm_OV": 50.376163482666016,
        "spec_norm_OV": 8.474343299865723
      },
      "2": {
        "stable_rank_OV": 30.911335920222314,
        "frob_norm_OV": 55.27272415161133,
        "spec_norm_OV": 9.94150161743164
      },
      "3": {
        "stable_rank_OV": 19.051415661602288,
        "frob_norm_OV": 41.480369567871094,
        "spec_norm_OV": 9.503399848937988
      },
      "4": {
        "stable_rank_OV": 4.6593835707170745,
        "frob_norm_OV": 41.364315032958984,
        "spec_norm_OV": 19.16291618347168
      },
      "5": {
        "stable_rank_OV": 29.03794266776303,
        "frob_norm_OV": 56.42047882080078,
        "spec_norm_OV": 10.470172882080078
      },
      "6": {
        "stable_rank_OV": 35.91256474485841,
        "frob_norm_OV": 56.183597564697266,
        "spec_norm_OV": 9.375325202941895
      },
      "7": {
        "stable_rank_OV": 17.968746540541265,
        "frob_norm_OV": 46.63233184814453,
        "spec_norm_OV": 11.000900268554688
      },
      "8": {
        "stable_rank_OV": 10.487604850112564,
        "frob_norm_OV": 50.32241439819336,
        "spec_norm_OV": 15.539009094238281
      },
      "9": {
        "stable_rank_OV": 12.970670360230072,
        "frob_norm_OV": 32.936763763427734,
        "spec_norm_OV": 9.145337104797363
      },
      "10": {
        "stable_rank_OV": 3.4739969204351477,
        "frob_norm_OV": 74.28404998779297,
        "spec_norm_OV": 39.854820251464844
      },
      "11": {
        "stable_rank_OV": 16.658643653607324,
        "frob_norm_OV": 30.82961654663086,
        "spec_norm_OV": 7.553501129150391
      }
    },
    "11": {
      "0": {
        "stable_rank_OV": 1.9895708090537703,
        "frob_norm_OV": 86.97119903564453,
        "spec_norm_OV": 61.658897399902344
      },
      "1": {
        "stable_rank_OV": 17.881607190408033,
        "frob_norm_OV": 77.23712158203125,
        "spec_norm_OV": 18.2651309967041
      },
      "2": {
        "stable_rank_OV": 31.527352839346545,
        "frob_norm_OV": 106.23267364501953,
        "spec_norm_OV": 18.91970443725586
      },
      "3": {
        "stable_rank_OV": 25.760754015986006,
        "frob_norm_OV": 68.92652893066406,
        "spec_norm_OV": 13.580229759216309
      },
      "4": {
        "stable_rank_OV": 2.8670004694928535,
        "frob_norm_OV": 81.350830078125,
        "spec_norm_OV": 48.04499053955078
      },
      "5": {
        "stable_rank_OV": 17.95727829022412,
        "frob_norm_OV": 80.75818634033203,
        "spec_norm_OV": 19.05751609802246
      },
      "6": {
        "stable_rank_OV": 27.181774531023397,
        "frob_norm_OV": 97.40624237060547,
        "spec_norm_OV": 18.683053970336914
      },
      "7": {
        "stable_rank_OV": 22.42807228285055,
        "frob_norm_OV": 76.02623748779297,
        "spec_norm_OV": 16.053417205810547
      },
      "8": {
        "stable_rank_OV": 1.022237249959398,
        "frob_norm_OV": 338.5617980957031,
        "spec_norm_OV": 334.8591003417969
      },
      "9": {
        "stable_rank_OV": 23.55471692205203,
        "frob_norm_OV": 90.40254211425781,
        "spec_norm_OV": 18.6269474029541
      },
      "10": {
        "stable_rank_OV": 19.22793877092154,
        "frob_norm_OV": 62.81685256958008,
        "spec_norm_OV": 14.32550048828125
      },
      "11": {
        "stable_rank_OV": 2.3257237279019654,
        "frob_norm_OV": 95.02363586425781,
        "spec_norm_OV": 62.30925750732422
      }
    }
  },
  "raw_patching": {
    "9": {
      "0": [
        -0.006097191789151019,
        0.008568415684951878,
        0.031010387122832123,
        -0.003027732244642194,
        -0.0017992963546058299,
        0.054683656271904045,
        -0.04873021441928796,
        -0.018330081986559447,
        0.024015403988646912,
        -0.005764814552859518
      ],