{
  "model": "EleutherAI/pythia-70m",
  "n_layers": 6,
  "L_crit_known": 4,
  "L_jump_detected": 5,
  "dist_easy": 50,
  "dist_hard": 500,
  "n_prompts": 50,
  "icl_score": {
    "0": -0.0,
    "1": -0.4177438926696777,
    "2": -1.0909214782714844,
    "3": -10.957723121643067,
    "4": -7.775770399570465,
    "5": -2.8682076358795165,
    "6": -0.24704144954681395
  },
  "mean_delta": {
    "0": 0.0,
    "1": 0.4177438926696777,
    "2": 1.0909214782714844,
    "3": 10.957723121643067,
    "4": 7.775770399570465,
    "5": 2.8682076358795165,
    "6": 0.24704144954681395
  },
  "mean_easy": {
    "0": -11.925345001220704,
    "1": -16.562915420532228,
    "2": -21.35541399002075,
    "3": -47.06592821121216,
    "4": -46.99601957321167,
    "5": -35.63927864074707,
    "6": -15.971736564636231
  },
  "mean_hard": {
    "0": -11.925345001220704,
    "1": -16.145171527862548,
    "2": -20.264492511749268,
    "3": -36.10820508956909,
    "4": -39.22024917364121,
    "5": -32.77107100486755,
    "6": -15.724695115089416
  }
}